0 0 0 0
0 1 0.00110089 4.29646e-07
0 2 0.00326037 2.07143e-06
0 3 0.00530376 5.00591e-06
0 4 0.00723074 9.34753e-06
0 5 0.00904147 1.51375e-05
0 6 0.0107366 2.23328e-05
0 7 0.012317 3.08002e-05
0 8 0.0137842 4.032e-05
0 9 0.0151399 5.0593e-05
0 10 0.0163864 6.12562e-05
0 11 0.0175261 7.18992e-05
0 12 0.018562 8.20862e-05
0 13 0.0194971 9.13771e-05
0 14 0.0203349 9.93511e-05
0 15 0.0210789 0.000105628
0 16 0.0217327 0.000109888
0 17 0.0223 0.000111891
0 18 0.0227844 0.000111486
0 19 0.0231893 0.000108622
0 20 0.0235178 0.000103355
0 21 0.0237729 9.58382e-05
0 22 0.0239569 8.63241e-05
0 23 0.0240718 7.51468e-05
0 24 0.0241191 6.27084e-05
0 25 0.0240996 4.94584e-05
0 26 0.0240138 3.58726e-05
0 27 0.0238613 2.24291e-05
0 28 0.0236413 9.5859e-06
0 29 0.0233524 -2.24099e-06
0 30 0.0229928 -1.26967e-05
0 31 0.0225601 -2.15028e-05
0 32 0.0220515 -2.84683e-05
0 33 0.0214642 -3.34959e-05
0 34 0.0207947 -3.65831e-05
0 35 0.0200397 -3.78177e-05
0 36 0.0191958 -3.73693e-05
0 37 0.0182595 -3.54754e-05
0 38 0.0172275 -3.24259e-05
0 39 0.0160966 -2.85426e-05
0 40 0.0148639 -2.41598e-05
0 41 0.0135267 -1.96025e-05
0 42 0.0120826 -1.51669e-05
0 43 0.0105296 -1.11013e-05
0 44 0.00886575 -7.59292e-06
0 45 0.00708976 -4.75597e-06
0 46 0.0052005 -2.62867e-06
0 47 0.00319721 -1.17382e-06
0 48 0.00107954 -2.88991e-07
0 49 0 0

1 0 0 0
1 1 0.00110058 1.97168e-07
1 2 0.00325919 5.84925e-07
1 3 0.00530155 1.13174e-06
1 4 0.00722737 2.05821e-06
1 5 0.00903688 3.55138e-06
1 6 0.0107307 5.74635e-06
1 7 0.01231 8.71234e-06
1 8 0.0137762 1.24481e-05
1 9 0.0151313 1.68813e-05
1 10 0.0163773 2.18758e-05
1 11 0.0175169 2.72407e-05
1 12 0.018553 3.2745e-05
1 13 0.0194887 3.81326e-05
1 14 0.0203274 4.31398e-05
1 15 0.0210726 4.75113e-05
1 16 0.0217279 5.10172e-05
1 17 0.0222969 5.34662e-05
1 18 0.0227831 5.47185e-05
1 19 0.0231898 5.46928e-05
1 20 0.0235201 5.33723e-05
1 21 0.0237768 5.08048e-05
1 22 0.0239622 4.71e-05
1 23 0.0240782 4.24229e-05
1 24 0.0241264 3.69835e-05
1 25 0.0241074 3.10248e-05
1 26 0.0240217 2.48078e-05
1 27 0.0238689 1.85966e-05
1 28 0.0236484 1.26435e-05
1 29 0.0233586 7.17431e-06
1 30 0.0229979 2.37663e-06
1 31 0.0225639 -1.60991e-06
1 32 0.022054 -4.70008e-06
1 33 0.0214653 -6.86541e-06
1 34 0.0207945 -8.13365e-06
1 35 0.0200383 -8.58353e-06
1 36 0.0191934 -8.33737e-06
1 37 0.0182563 -7.54956e-06
1 38 0.0172238 -6.39429e-06
1 39 0.0160926 -5.05037e-06
1 40 0.0148599 -3.68731e-06
1 41 0.013523 -2.45011e-06
1 42 0.0120793 -1.44745e-06
1 43 0.0105268 -7.40647e-07
1 44 0.00886357 -3.38228e-07
1 45 0.00708822 -1.93253e-07
1 46 0.00519956 -2.08345e-07
1 47 0.00319677 -2.44922e-07
1 48 0.00107945 -1.40471e-07
1 49 0 0

2 0 0 0
2 1 0.00110079 -3.20351e-08
2 2 0.00325971 -8.79041e-07
2 3 0.00530212 -2.68126e-06
2 4 0.00722773 -5.11412e-06
2 5 0.0090368 -7.84642e-06
2 6 0.01073 -1.0567e-05
2 7 0.0123086 -1.30065e-05
2 8 0.013774 -1.49507e-05
2 9 0.0151282 -1.62488e-05
2 10 0.0163734 -1.68141e-05
2 11 0.0175124 -1.66225e-05
2 12 0.0185481 -1.57049e-05
2 13 0.0194835 -1.41384e-05
2 14 0.0203221 -1.20342e-05
2 15 0.0210675 -9.52652e-06
2 16 0.0217231 -6.75954e-06
2 17 0.0222925 -3.87639e-06
2 18 0.0227793 -1.00847e-06
2 19 0.0231867 1.73218e-06
2 20 0.0235178 4.25937e-06
2 21 0.0237751 6.51557e-06
2 22 0.0239612 8.47308e-06
2 23 0.0240778 1.01319e-05
2 24 0.0241264 1.1516e-05
2 25 0.0241077 1.26672e-05
2 26 0.0240222 1.36387e-05
2 27 0.0238694 1.44869e-05
2 28 0.0236487 1.52639e-05
2 29 0.0233587 1.6011e-05
2 30 0.0229977 1.67527e-05
2 31 0.0225633 1.74928e-05
2 32 0.022053 1.82131e-05
2 33 0.0214639 1.88737e-05
2 34 0.0207928 1.94162e-05
2 35 0.0200365 1.9769e-05
2 36 0.0191915 1.98541e-05
2 37 0.0182545 1.95969e-05
2 38 0.0172221 1.89343e-05
2 39 0.0160913 1.78261e-05
2 40 0.014859 1.6263e-05
2 41 0.0135224 1.42752e-05
2 42 0.0120792 1.19374e-05
2 43 0.010527 9.37179e-06
2 44 0.00886414 6.74514e-06
2 45 0.00708896 4.26308e-06
2 46 0.0052003 2.15647e-06
2 47 0.00319733 6.63636e-07
2 48 0.00107966 5.09112e-09
2 49 0 0

3 0 0 0
3 1 0.00110167 -2.63738e-07
3 2 0.00326204 -2.35444e-06
3 3 0.00530557 -6.52104e-06
3 4 0.00723192 -1.23321e-05
3 5 0.00904133 -1.93093e-05
3 6 0.0107345 -2.69628e-05
3 7 0.0123127 -3.48209e-05
3 8 0.0137775 -4.24518e-05
3 9 0.0151308 -4.94807e-05
3 10 0.016375 -5.5598e-05
3 11 0.0175129 -6.05653e-05
3 12 0.0185474 -6.42141e-05
3 13 0.0194817 -6.64441e-05
3 14 0.0203193 -6.7216e-05
3 15 0.0210636 -6.6545e-05
3 16 0.0217184 -6.44913e-05
3 17 0.0222872 -6.11515e-05
3 18 0.0227734 -5.66498e-05
3 19 0.0231804 -5.11301e-05
3 20 0.0235111 -4.47481e-05
3 21 0.0237683 -3.76666e-05
3 22 0.0239542 -3.00504e-05
3 23 0.0240709 -2.20633e-05
3 24 0.0241195 -1.38663e-05
3 25 0.0241009 -5.6168e-06
3 26 0.0240155 2.53159e-06
3 27 0.023863 1.0429e-05
3 28 0.0236426 1.79291e-05
3 29 0.0233529 2.48893e-05
3 30 0.0229923 3.11715e-05
3 31 0.0225584 3.66443e-05
3 32 0.0220487 4.11854e-05
3 33 0.0214602 4.4686e-05
3 34 0.0207899 4.70556e-05
3 35 0.0200343 4.82283e-05
3 36 0.0191902 4.81691e-05
3 37 0.0182541 4.68808e-05
3 38 0.0172226 4.44103e-05
3 39 0.0160926 4.08543e-05
3 40 0.0148611 3.63627e-05
3 41 0.0135252 3.11408e-05
3 42 0.0120824 2.54471e-05
3 43 0.0105305 1.95882e-05
3 44 0.00886758 1.39083e-05
3 45 0.0070921 8.77413e-06
3 46 0.00520284 4.55284e-06
3 47 0.00319901 1.58541e-06
3 48 0.00108028 1.53399e-07
3 49 0 0

4 0 0 0
4 1 0.00110309 -5.02483e-07
4 2 0.00326609 -3.87614e-06
4 3 0.00531182 -1.04779e-05
4 4 0.00723986 -1.97628e-05
4 5 0.0090504 -3.1098e-05
4 6 0.0107442 -4.3807e-05
4 7 0.0123223 -5.72083e-05
4 8 0.0137866 -7.06467e-05
4 9 0.015139 -8.35171e-05
4 10 0.0163819 -9.52827e-05
4 11 0.0175181 -0.000105487
4 12 0.0185508 -0.000113759
4 13 0.0194831 -0.000119821
4 14 0.0203186 -0.00012348
4 15 0.0210609 -0.000124634
4 16 0.0217137 -0.000123258
4 17 0.0222806 -0.000119403
4 18 0.0227651 -0.000113189
4 19 0.0231705 -0.000104791
4 20 0.0234999 -9.44384e-05
4 21 0.0237559 -8.24006e-05
4 22 0.023941 -6.89821e-05
4 23 0.0240571 -5.45139e-05
4 24 0.0241053 -3.93448e-05
4 25 0.0240867 -2.38352e-05
4 26 0.0240015 -8.34853e-06
4 27 0.0238494 6.75547e-06
4 28 0.0236297 2.11284e-05
4 29 0.023341 3.44404e-05
4 30 0.0229815 4.63879e-05
4 31 0.022549 5.6701e-05
4 32 0.0220408 6.51507e-05
4 33 0.021454 7.15571e-05
4 34 0.0207855 7.5796e-05
4 35 0.0200317 7.78059e-05
4 36 0.0191894 7.7594e-05
4 37 0.018255 7.5241e-05
4 38 0.0172252 7.09045e-05
4 39 0.0160966 6.48201e-05
4 40 0.0148663 5.73e-05
4 41 0.0135312 4.87285e-05
4 42 0.0120889 3.95527e-05
4 43 0.0105371 3.02701e-05
4 44 0.00887383 2.14091e-05
4 45 0.00709756 1.35051e-05
4 46 0.0052071 7.06987e-06
4 47 0.00320173 2.55474e-06
4 48 0.00108121 3.08902e-07
4 49 0 0

5 0 0 0
5 1 0.0011052 -7.54446e-07
5 2 0.00327206 -5.48078e-06
5 3 0.00532112 -1.46465e-05
5 4 0.00725184 -2.7581e-05
5 5 0.00906432 -4.34842e-05
5 6 0.0107592 -6.14803e-05
5 7 0.0123378 -8.06659e-05
5 8 0.0138017 -0.00010015
5 9 0.0151531 -0.000119088
5 10 0.0163943 -0.000136706
5 11 0.0175284 -0.000152321
5 12 0.0185585 -0.000165356
5 13 0.019488 -0.000175346
5 14 0.0203204 -0.000181944
5 15 0.0210595 -0.000184926
5 16 0.0217091 -0.000184183
5 17 0.0222729 -0.00017972
5 18 0.0227544 -0.00017165
5 19 0.0231571 -0.000160188
5 20 0.023484 -0.000145635
5 21 0.0237381 -0.000128375
5 22 0.0239215 -0.000108859
5 23 0.0240363 -8.75894e-05
5 24 0.0240839 -6.51128e-05
5 25 0.024065 -4.2e-05
5 26 0.02398 -1.88333e-05
5 27 0.0238287 3.80908e-06
5 28 0.0236101 2.53681e-05
5 29 0.023323 4.53188e-05
5 30 0.0229654 6.31849e-05
5 31 0.0225352 7.85515e-05
5 32 0.0220295 9.10784e-05
5 33 0.0214454 0.000100511
5 34 0.0207797 0.000106688
5 35 0.0200288 0.000109552
5 36 0.0191893 0.000109153
5 37 0.0182575 0.000105653
5 38 0.01723 9.93217e-05
5 39 0.0161035 9.05407e-05
5 40 0.0148747 7.97907e-05
5 41 0.0135408 6.76435e-05
5 42 0.012099 5.47449e-05
5 43 0.0105471 4.17942e-05
5 44 0.00888319 2.95164e-05
5 45 0.00710563 1.8629e-05
5 46 0.00521334 9.80117e-06
5 47 0.00320569 3.60776e-06
5 48 0.00108259 4.77689e-07
5 49 0 0

6 0 0 0
6 1 0.00110793 -1.02475e-06
6 2 0.00327995 -7.20684e-06
6 3 0.00533354 -1.91261e-05
6 4 0.00726797 -3.597e-05
6 5 0.00908323 -5.67533e-05
6 6 0.0107799 -8.03825e-05
6 7 0.0123593 -0.000105715
6 8 0.013823 -0.000131607
6 9 0.0151732 -0.000156959
6 10 0.0164125 -0.000180746
6 11 0.0175438 -0.000202048
6 12 0.0185706 -0.000220068
6 13 0.0194962 -0.000234149
6 14 0.0203244 -0.000243782
6 15 0.0210592 -0.000248614
6 16 0.0217043 -0.000248449
6 17 0.0222637 -0.000243246
6 18 0.0227409 -0.000233115
6 19 0.0231397 -0.000218308
6 20 0.0234631 -0.000199209
6 21 0.0237141 -0.00017632
6 22 0.0238952 -0.000150248
6 23 0.0240081 -0.000121682
6 24 0.0240545 -9.13762e-05
6 25 0.0240352 -6.01258e-05
6 26 0.0239505 -2.87465e-05
6 27 0.0238001 1.95044e-06
6 28 0.0235831 3.11817e-05
6 29 0.0232982 5.82145e-05
6 30 0.0229435 8.23879e-05
6 31 0.0225164 0.000103133
6 32 0.0220144 0.000119991
6 33 0.0214341 0.000132625
6 34 0.0207723 0.000140837
6 35 0.0200254 0.000144573
6 36 0.0191897 0.000143926
6 37 0.0182615 0.000139142
6 38 0.0172373 0.000130614
6 39 0.0161134 0.000118876
6 40 0.0148867 0.000104588
6 41 0.0135541 8.85234e-05
6 42 0.0121129 7.15406e-05
6 43 0.0105608 5.45578e-05
6 44 0.00889581 3.85143e-05
6 45 0.00711642 2.43283e-05
6 46 0.00522161 1.28455e-05
6 47 0.00321088 4.78267e-06
6 48 0.00108434 6.64822e-07
6 49 0 0

7 0 0 0
7 1 0.00111147 -1.32029e-06
7 2 0.00329005 -9.09558e-06
7 3 0.00534945 -2.40229e-05
7 4 0.00728871 -4.5125e-05
7 5 0.00910765 -7.12078e-05
7 6 0.0108068 -0.000100937
7 7 0.0123873 -0.000132906
7 8 0.0138509 -0.000165699
7 9 0.0151998 -0.000197938
7 10 0.0164368 -0.000228332
7 11 0.0175648 -0.000255703
7 12 0.0185873 -0.000279023
7 13 0.0195081 -0.000297428
7 14 0.020331 -0.000310237
7 15 0.0210601 -0.000316962
7 16 0.0216994 -0.000317314
7 17 0.0222529 -0.000311203
7 18 0.0227246 -0.000298736
7 19 0.0231182 -0.000280207
7 20 0.0234369 -0.00025609
7 21 0.0236838 -0.000227016
7 22 0.0238615 -0.00019376
7 23 0.023972 -0.000157214
7 24 0.0240168 -0.000118356
7 25 0.0239969 -7.82286e-05
7 26 0.0239125 -3.78997e-05
7 27 0.0237633 1.56602e-06
7 28 0.0235485 3.91411e-05
7 29 0.0232665 7.38665e-05
7 30 0.0229154 0.000104881
7 31 0.0224927 0.000131448
7 32 0.0219953 0.00015298
7 33 0.0214201 0.000169052
7 34 0.0207635 0.000179425
7 35 0.0200218 0.000184047
7 36 0.019191 0.00018306
7 37 0.0182674 0.000176802
7 38 0.0172472 0.000165796
7 39 0.0161268 0.000150742
7 40 0.0149026 0.000132495
7 41 0.0135717 0.000112048
7 42 0.0121312 9.04914e-05
7 43 0.0105786 6.89853e-05
7 44 0.00891222 4.87067e-05
7 45 0.00713041 3.07988e-05
7 46 0.00523231 1.63093e-05
7 47 0.00321761 6.12077e-06
7 48 0.00108666 8.77192e-07
7 49 0 0

8 0 0 0
8 1 0.00111576 -1.64708e-06
8 2 0.00330247 -1.1191e-05
8 3 0.0053691 -2.94499e-05
8 4 0.00731438 -5.52537e-05
8 5 0.00913796 -8.71698e-05
8 6 0.0108402 -0.000123593
8 7 0.0124223 -0.000162825
8 8 0.013886 -0.000203149
8 9 0.0152334 -0.000242885
8 10 0.0164675 -0.000280449
8 11 0.0175915 -0.000314388
8 12 0.018609 -0.00034342
8 13 0.0195238 -0.000366459
8 14 0.0203401 -0.000382639
8 15 0.0210621 -0.000391324
8 16 0.0216941 -0.000392126
8 17 0.0222403 -0.000384901
8 18 0.022705 -0.000369752
8 19 0.0230918 -0.000347023
8 20 0.0234045 -0.000317282
8 21 0.0236462 -0.000281305
8 22 0.0238197 -0.000240053
8 23 0.023927 -0.000194638
8 24 0.0239697 -0.000146291
8 25 0.0239489 -9.63244e-05
8 26 0.0238649 -4.60866e-05
8 27 0.0237173 3.0768e-06
8 28 0.0235052 4.9868e-05
8 29 0.023227 9.30776e-05
8 30 0.0228806 0.000131623
8 31 0.0224632 0.000164584
8 32 0.0219719 0.000191228
8 33 0.0214031 0.000211038
8 34 0.020753 0.000223726
8 35 0.0200177 0.000229246
8 36 0.0191932 0.000227795
8 37 0.0182753 0.000219809
8 38 0.0172602 0.000205957
8 39 0.0161439 0.000187121
8 40 0.0149229 0.000164373
8 41 0.0135939 0.000138945
8 42 0.0121541 0.00011219
8 43 0.0106011 8.55329e-05
8 44 0.00893279 6.04205e-05
8 45 0.00714791 3.82518e-05
8 46 0.00524566 2.03073e-05
8 47 0.00322597 7.6667e-06
8 48 0.0010895 1.12089e-06
8 49 0 0

9 0 0 0
9 1 0.00112104 -2.01303e-06
9 2 0.00331761 -1.35408e-05
9 3 0.00539301 -3.55289e-05
9 4 0.00734565 -6.65789e-05
9 5 0.00917492 -0.000104984
9 6 0.0108811 -0.000148831
9 7 0.0124652 -0.000196096
9 8 0.013929 -0.000244728
9 9 0.0152748 -0.000292715
9 10 0.0165056 -0.000338151
9 11 0.0176247 -0.000379279
9 12 0.0186361 -0.000414542
9 13 0.0195437 -0.000442612
9 14 0.0203519 -0.000462414
9 15 0.0210653 -0.000473157
9 16 0.0216883 -0.000474338
9 17 0.0222256 -0.000465755
9 18 0.0226816 -0.000447508
9 19 0.0230602 -0.00041999
9 20 0.0233655 -0.000383878
9 21 0.0236007 -0.000340107
9 22 0.0237688 -0.000289844
9 23 0.0238721 -0.000234451
9 24 0.0239123 -0.000175441
9 25 0.0238905 -0.000114428
9 26 0.0238069 -5.30778e-05
9 27 0.0236613 6.94781e-06
9 28 0.0234525 6.40473e-05
9 29 0.023179 0.00011673
9 30 0.0228383 0.000163666
9 31 0.0224277 0.000203728
9 32 0.0219438 0.000236026
9 33 0.0213828 0.000259938
9 34 0.0207408 0.000275127
9 35 0.0200135 0.000281551
9 36 0.0191966 0.00027947
9 37 0.0182858 0.000269435
9 38 0.0172768 0.000252275
9 39 0.0161655 0.000229076
9 40 0.0149483 0.000201152
9 41 0.0136217 0.000170004
9 42 0.0121827 0.000137275
9 43 0.0106289 0.000104695
9 44 0.00895828 7.40106e-05
9 45 0.00716959 4.69169e-05
9 46 0.00526223 2.49651e-05
9 47 0.00323638 9.46948e-06
9 48 0.00109308 1.40402e-06
9 49 0 0

10 0 0 0
10 1 0.0011273 -2.4253e-06
10 2 0.0033357 -1.61961e-05
10 3 0.00542161 -4.23901e-05
10 4 0.00738306 -7.93384e-05
10 5 0.00921916 -0.000125016
10 6 0.01093 -0.000177162
10 7 0.0125166 -0.000233385
10 8 0.0139806 -0.000291259
10 9 0.0153246 -0.000348405
10 10 0.0165515 -0.00040256
10 11 0.0176649 -0.000451636
10 12 0.018669 -0.000493767
10 13 0.0195679 -0.000527356
10 14 0.0203665 -0.000551104
10 15 0.0210696 -0.000564038
10 16 0.0216819 -0.000565529
10 17 0.0222084 -0.000555309
10 18 0.0226538 -0.000533469
10 19 0.0230225 -0.00050046
10 20 0.0233187 -0.000457076
10 21 0.023546 -0.00040443
10 22 0.0237077 -0.000343923
10 23 0.0238061 -0.000277197
10 24 0.0238431 -0.000206086
10 25 0.02382 -0.00013255
10 26 0.023737 -5.86145e-05
10 27 0.0235937 1.36985e-05
10 28 0.0233891 8.24412e-05
10 29 0.0231213 0.000145804
10 30 0.0227877 0.000202176
10 31 0.0223853 0.000250196
10 32 0.0219104 0.000288799
10 33 0.021359 0.000317246
10 34 0.0207268 0.000335146
10 35 0.0200091 0.000342471
10 36 0.0192014 0.00033955
10 37 0.018299 0.000327064
10 38 0.0172974 0.000306028
10 39 0.0161922 0.000277759
10 40 0.0149795 0.00024384
10 41 0.0136557 0.000206077
10 42 0.0122177 0.000166442
10 43 0.0106628 0.000127005
10 44 0.00898936 8.98614e-05
10 45 0.00719602 5.70433e-05
10 46 0.00528242 3.0419e-05
10 47 0.00324906 1.15826e-05
10 48 0.0010974 1.7341e-06
10 49 0 0

11 0 0 0
11 1 0.00113482 -2.89302e-06
11 2 0.00335725 -1.92119e-05
11 3 0.00545563 -5.01731e-05
11 4 0.00742752 -9.37865e-05
11 5 0.00927173 -0.000147659
11 6 0.0109882 -0.000209131
11 7 0.0125777 -0.000275397
11 8 0.0140421 -0.000343616
11 9 0.0153838 -0.000410995
11 10 0.0166062 -0.000474878
11 11 0.017713 -0.000532804
11 12 0.0187084 -0.00058257
11 13 0.0195973 -0.000622278
11 14 0.0203844 -0.000650372
11 15 0.0210752 -0.000665676
11 16 0.0216747 -0.000667418
11 17 0.0221883 -0.000655247
11 18 0.0226211 -0.000629245
11 19 0.0229779 -0.00058992
11 20 0.0232632 -0.000538197
11 21 0.0234811 -0.000475388
11 22 0.0236349 -0.000403161
11 23 0.0237274 -0.000323477
11 24 0.0237607 -0.000238536
11 25 0.023736 -0.000150698
11 26 0.0236537 -6.24023e-05
11 27 0.0235134 2.3914e-05
11 28 0.0233138 0.000105905
11 29 0.0230528 0.000181394
11 30 0.0227278 0.000248449
11 31 0.0223352 0.000305446
11 32 0.0218712 0.000351121
11 33 0.0213314 0.000384606
11 34 0.0207109 0.000405457
11 35 0.0200048 0.000413659
11 36 0.0192081 0.000409632
11 37 0.0183158 0.000394207
11 38 0.0173229 0.000368609
11 39 0.0162249 0.000334419
11 40 0.0150176 0.000293528
11 41 0.013697 0.000248088
11 42 0.0122601 0.000200439
11 43 0.010704 0.000153043
11 44 0.00902708 0.00010839
11 45 0.00722812 6.89026e-05
11 46 0.00530699 3.68182e-05
11 47 0.00326456 1.40647e-05
11 48 0.00110275 2.1208e-06
11 49 0 0

12 0 0 0
12 1 0.00114365 -3.42459e-06
12 2 0.00338264 -2.26468e-05
12 3 0.00549568 -5.9026e-05
12 4 0.00747983 -0.000110192
12 5 0.00933355 -0.000173325
12 6 0.0110565 -0.000245312
12 7 0.0126495 -0.000322881
12 8 0.0141144 -0.000402721
12 9 0.0154536 -0.000481586
12 10 0.0166707 -0.000556376
12 11 0.0177697 -0.000624219
12 12 0.0187551 -0.000682532
12 13 0.019632 -0.000729078
12 14 0.0204058 -0.000762012
12 15 0.021082 -0.000779925
12 16 0.0216664 -0.000781875
12 17 0.0221648 -0.000767416
12 18 0.0225826 -0.000736605
12 19 0.0229252 -0.000690012
12 20 0.0231976 -0.000628705
12 21 0.0234041 -0.000554221
12 22 0.0235486 -0.000468528
12 23 0.0236342 -0.000373958
12 24 0.023663 -0.000273132
12 25 0.0236364 -0.000168873
12 26 0.023555 -6.41036e-05
12 27 0.0234182 3.82582e-05
12 28 0.0232246 0.000135403
12 29 0.0229719 0.000224731
12 30 0.0226572 0.000303941
12 31 0.0222765 0.000371108
12 32 0.0218255 0.000424744
12 33 0.0212994 0.000463842
12 34 0.0206928 0.0004879
12 35 0.0200005 0.000496933
12 36 0.0192169 0.000491464
12 37 0.0183365 0.000472505
12 38 0.017354 0.000441525
12 39 0.0162646 0.000400407
12 40 0.0150635 0.000351395
12 41 0.0137468 0.000297029
12 42 0.012311 0.000240074
12 43 0.0107535 0.000183432
12 44 0.00907239 0.000130047
12 45 0.00726671 8.27874e-05
12 46 0.00533657 4.43239e-05
12 47 0.00328322 1.69797e-05
12 48 0.00110917 2.57331e-06
12 49 0 0

13 0 0 0
13 1 0.00115411 -4.03032e-06
13 2 0.00341252 -2.65629e-05
13 3 0.0055427 -6.91047e-05
13 4 0.00754117 -0.000128836
13 5 0.00940597 -0.000202446
13 6 0.0111366 -0.000286305
13 7 0.0127337 -0.000376615
13 8 0.014199 -0.000469544
13 9 0.0155354 -0.000561334
13 10 0.0167464 -0.000648397
13 11 0.0178363 -0.0007274
13 12 0.01881 -0.000795334
13 13 0.019673 -0.000849578
13 14 0.0204311 -0.000887958
13 15 0.0210904 -0.000908794
13 16 0.0216571 -0.000910943
13 17 0.0221374 -0.000893836
13 18 0.0225376 -0.000857497
13 19 0.0228635 -0.000802553
13 20 0.0231205 -0.000730228
13 21 0.0233136 -0.00064231
13 22 0.0234471 -0.00054111
13 23 0.0235243 -0.000429386
13 24 0.0235478 -0.000310252
13 25 0.0235191 -0.000187071
13 26 0.0234387 -6.33297e-05
13 27 0.0233062 5.74876e-05
13 28 0.0231198 0.000172031
13 29 0.0228771 0.000277207
13 30 0.0225746 0.000370288
13 31 0.0222081 0.000449005
13 32 0.0217726 0.00051162
13 33 0.0212627 0.000556972
13 34 0.0206728 0.000584508
13 35 0.0199967 0.000594282
13 36 0.0192285 0.000586951
13 37 0.0183622 0.00056374
13 38 0.0173919 0.000526406
13 39 0.0163124 0.000477178
13 40 0.0151187 0.000418703
13 41 0.0138065 0.000353966
13 42 0.0123721 0.00028621
13 43 0.0108128 0.000218839
13 44 0.00912669 0.000155312
13 45 0.00731301 9.90119e-05
13 46 0.00537214 5.31098e-05
13 47 0.00330576 2.03964e-05
13 48 0.001117 3.103e-06
13 49 0 0

14 0 0 0
14 1 0.0011663 -4.71961e-06
14 2 0.0034474 -3.10243e-05
14 3 0.00559753 -8.057e-05
14 4 0.0076126 -0.00015001
14 5 0.00949025 -0.000235467
14 6 0.0112297 -0.000332727
14 7 0.0128315 -0.000437404
14 8 0.0142974 -0.000545082
14 9 0.0156305 -0.000651438
14 10 0.0168344 -0.00075234
14 11 0.0179138 -0.00084394
14 12 0.018874 -0.000922749
14 13 0.0197209 -0.000985715
14 14 0.0204608 -0.00103028
14 15 0.0211003 -0.00105445
14 16 0.0216462 -0.00105684
14 17 0.0221056 -0.00103672
14 18 0.022485 -0.000994072
14 19 0.0227912 -0.000929562
14 20 0.0230301 -0.000844581
14 21 0.0232074 -0.0007412
14 22 0.0233277 -0.000622123
14 23 0.0233951 -0.000490598
14 24 0.0234123 -0.000350316
14 25 0.0233811 -0.000205276
14 26 0.0233021 -5.96314e-05
14 27 0.0231746 8.24673e-05
14 28 0.0229969 0.000217033
14 29 0.0227661 0.000340395
14 30 0.0224782 0.000449331
14 31 0.0221285 0.000541179
14 32 0.0217114 0.000613921
14 33 0.0212209 0.000666232
14 34 0.0206505 0.000697511
14 35 0.0199936 0.00070788
14 36 0.0192434 0.00069816
14 37 0.0183935 0.000669836
14 38 0.0174376 0.000624998
14 39 0.0163697 0.000566282
14 40 0.0151845 0.000496794
14 41 0.0138775 0.000420024
14 42 0.0124447 0.000339758
14 43 0.0108832 0.000259966
14 44 0.00919129 0.000184692
14 45 0.00736817 0.000117908
14 46 0.00541458 6.33598e-05
14 47 0.0033327 2.43883e-05
14 48 0.00112635 3.72069e-06
14 49 0 0

15 0 0 0
15 1 0.00118062 -5.50345e-06
15 2 0.00348811 -3.60967e-05
15 3 0.00566136 -9.35852e-05
15 4 0.0076956 -0.000174006
15 5 0.00958804 -0.000272836
15 6 0.0113376 -0.0003852
15 7 0.0129448 -0.000506058
15 8 0.0144116 -0.000630348
15 9 0.0157408 -0.00075312
15 10 0.0169366 -0.000869639
15 11 0.018004 -0.000975484
15 12 0.0189486 -0.00106663
15 13 0.0197769 -0.00113953
15 14 0.0204956 -0.00119118
15 15 0.0211122 -0.00121922
15 16 0.021634 -0.00122197
15 17 0.0220687 -0.0011985
15 18 0.0224239 -0.0011487
15 19 0.0227069 -0.00107327
15 20 0.0229245 -0.00097379
15 21 0.0230831 -0.000852628
15 22 0.023188 -0.000712936
15 23 0.0232437 -0.000558536
15 24 0.0232535 -0.000393796
15 25 0.0232194 -0.000223465
15 26 0.023142 -5.24887e-05
15 27 0.0230207 0.00011419
15 28 0.0228534 0.000271831
15 29 0.0226368 0.000416083
15 30 0.0223663 0.00054315
15 31 0.0220365 0.00064992
15 32 0.0216411 0.000734063
15 33 0.0211734 0.000794084
15 34 0.020626 0.000829353
15 35 0.0199915 0.000840086
15 36 0.0192626 0.000827317
15 37 0.0184319 0.000792843
15 38 0.0174925 0.000739153
15 39 0.0164382 0.000669351
15 40 0.0152629 0.00058707
15 41 0.0139618 0.000496375
15 42 0.0125308 0.000401662
15 43 0.0109668 0.000307541
15 44 0.00926795 0.000218714
15 45 0.00743372 0.000139819
15 46 0.00546514 7.52657e-05
15 47 0.00336492 2.90324e-05
15 48 0.00113763 4.43915e-06
15 49 0 0

16 0 0 0
16 1 0.00119722 -6.39145e-06
16 2 0.00353531 -4.18446e-05
16 3 0.00573523 -0.00010831
16 4 0.00779153 -0.00020111
16 5 0.00970094 -0.000314987
16 6 0.0114622 -0.000444331
16 7 0.0130756 -0.000583372
16 8 0.0145432 -0.000726339
16 9 0.0158681 -0.000867592
16 10 0.0170547 -0.00100173
16 11 0.0181083 -0.0011237
16 12 0.0190351 -0.00122887
16 13 0.0198419 -0.00131312
16 14 0.0205364 -0.00137296
16 15 0.0211263 -0.00140557
16 16 0.0216201 -0.00140891
16 17 0.0220262 -0.00138179
16 18 0.0223531 -0.00132397
16 19 0.0226089 -0.00123617
16 20 0.0228014 -0.00112012
16 21 0.0229379 -0.000978543
16 22 0.0230246 -0.000815096
16 23 0.0230665 -0.000634267
16 24 0.0230675 -0.000441221
16 25 0.02303 -0.000241601
16 26 0.0229548 -4.1299e-05
16 27 0.0228409 0.000153796
16 28 0.022686 0.000338045
16 29 0.0224863 0.000506297
16 30 0.0222364 0.000654085
16 31 0.0219303 0.000777785
16 32 0.0215606 0.000874724
16 33 0.0211197 0.000943238
16 34 0.0205993 0.000982689
16 35 0.019991 0.000993437
16 36 0.0192868 0.000976789
16 37 0.0184784 0.000934922
16 38 0.0175583 0.0008708
16 39 0.0165195 0.000788072
16 40 0.0153557 0.000690972
16 41 0.0140614 0.000584214
16 42 0.0126324 0.000472881
16 43 0.0110653 0.0003623
16 44 0.00935838 0.000257907
16 45 0.00751114 0.000165094
16 46 0.00552497 8.90218e-05
16 47 0.00340313 3.4407e-05
16 48 0.00115101 5.27015e-06
16 49 0 0

17 0 0 0
17 1 0.00121655 -7.3941e-06
17 2 0.00358997 -4.83292e-05
17 3 0.00582056 -0.000124894
17 4 0.00790212 -0.000231589
17 5 0.00983094 -0.000362329
17 6 0.0116055 -0.000510686
17 7 0.013226 -0.000670091
17 8 0.0146947 -0.000833999
17 9 0.0160147 -0.000996016
17 10 0.0171908 -0.00115001
17 11 0.0182288 -0.00129023
17 12 0.0191352 -0.00141136
17 13 0.0199176 -0.00150865
17 14 0.0205841 -0.00157801
17 15 0.0211435 -0.00161609
17 16 0.0216048 -0.0016204
17 17 0.0219777 -0.00158943
17 18 0.0222714 -0.00152273
17 19 0.0224954 -0.00142099
17 20 0.0226585 -0.0012861
17 21 0.0227689 -0.00112114
17 22 0.022834 -0.000930355
17 23 0.0228597 -0.000719002
17 24 0.0228504 -0.00049319
17 25 0.0228089 -0.000259634
17 26 0.0227362 -2.53626e-05
17 27 0.0226313 0.000202597
17 28 0.0224913 0.000417533
17 29 0.0223117 0.000613341
17 30 0.0220864 0.000784775
17 31 0.0218083 0.000927629
17 32 0.0214689 0.00103886
17 33 0.0210594 0.00111664
17 34 0.0205706 0.00116038
17 35 0.019993 0.00117063
17 36 0.0193173 0.00114906
17 37 0.0185347 0.00109831
17 38 0.0176368 0.00102191
17 39 0.0166159 0.000924145
17 40 0.0154651 0.000809933
17 41 0.0141787 0.000684721
17 42 0.0127518 0.000554356
17 43 0.0111812 0.000424961
17 44 0.00946473 0.000302791
17 45 0.00760231 0.000194073
17 46 0.00559559 0.000104819
17 47 0.00344839 4.05897e-05
17 48 0.00116697 6.22677e-06
17 49 0 0

18 0 0 0
18 1 0.00123883 -8.51949e-06
18 2 0.00365291 -5.56043e-05
18 3 0.0059186 -0.000143467
18 4 0.008029 -0.000265673
18 5 0.00997992 -0.000415212
18 6 0.0117696 -0.000584757
18 7 0.0133983 -0.000766872
18 8 0.0148682 -0.00095417
18 9 0.0161829 -0.00113944
18 10 0.0173473 -0.00131577
18 11 0.0183675 -0.00147662
18 12 0.0192509 -0.00161594
18 13 0.0200054 -0.00172824
18 14 0.02064 -0.00180873
18 15 0.0211642 -0.00185345
18 16 0.0215881 -0.00185934
18 17 0.0219224 -0.00182446
18 18 0.0221775 -0.00174806
18 19 0.0223642 -0.00163075
18 20 0.0224927 -0.00147453
18 21 0.0225725 -0.00128289
18 22 0.022612 -0.0010607
18 23 0.0226184 -0.000814117
18 24 0.0225969 -0.000550383
18 25 0.0225508 -0.000277498
18 26 0.0224813 -3.86621e-06
18 27 0.0223871 0.000262107
18 28 0.0222649 0.000512416
18 29 0.0221094 0.000739827
18 30 0.0219134 0.000938182
18 31 0.0216683 0.00110262
18 32 0.0213646 0.0012297
18 33 0.0209921 0.00131748
18 34 0.0205401 0.00136545
18 35 0.019998 0.00137448
18 36 0.0193555 0.00134667
18 37 0.0186026 0.00128526
18 38 0.0177301 0.00119444
18 39 0.0167296 0.00107923
18 40 0.0155937 0.00094533
18 41 0.014316 0.000799012
18 42 0.0128915 0.000646968
18 43 0.0113165 0.000496192
18 44 0.00958906 0.000353843
18 45 0.00770903 0.000227071
18 46 0.0056784 0.000122835
18 47 0.0035016 4.76533e-05
18 48 0.00118576 7.32009e-06
18 49 0 0

19 0 0 0
19 1 0.00126456 -9.77538e-06
19 2 0.00372522 -6.37122e-05
19 3 0.00603095 -0.000164131
19 4 0.00817412 -0.000303539
19 5 0.0101501 -0.000473904
19 6 0.011957 -0.000666923
19 7 0.0135951 -0.000874225
19 8 0.0150666 -0.00108753
19 9 0.0163753 -0.00129875
19 10 0.0175266 -0.00150011
19 11 0.0185271 -0.00168425
19 12 0.0193845 -0.00184428
19 13 0.0201075 -0.00197388
19 14 0.0207057 -0.00206747
19 15 0.0211897 -0.00212031
19 16 0.0215706 -0.00212869
19 17 0.0218602 -0.00209006
19 18 0.0220705 -0.00200328
19 19 0.0222136 -0.00186875
19 20 0.0223013 -0.00168856
19 21 0.0223448 -0.00146657
19 22 0.0223541 -0.00120837
19 23 0.0223375 -0.000921184
19 24 0.0223015 -0.000613576
19 25 0.02225 -0.000295108
19 26 0.0221844 2.41366e-05
19 27 0.0221032 0.000334072
19 28 0.0220024 0.000625126
19 29 0.0218757 0.000888715
19 30 0.0217144 0.00111762
19 31 0.0215085 0.00130624
19 32 0.0212469 0.00145077
19 33 0.0209176 0.00154915
19 34 0.0205085 0.00160108
19 35 0.0200075 0.00160785
19 36 0.0194031 0.00157216
19 37 0.0186843 0.00149796
19 38 0.0178408 0.00139023
19 39 0.0168634 0.00125485
19 40 0.0157443 0.0010984
19 41 0.0144763 0.000928072
19 42 0.0130543 0.000751478
19 43 0.0114741 0.000576566
19 44 0.0097339 0.000411471
19 45 0.00783348 0.000264356
19 46 0.00577519 0.000143221
19 47 0.00356399 5.56609e-05
19 48 0.00120793 8.56119e-06
19 49 0 0

20 0 0 0
20 1 0.00129399 -1.11655e-05
20 2 0.0038078 -7.2678e-05
20 3 0.006159 -0.000186942
20 4 0.00833927 -0.000345282
20 5 0.0103437 -0.00053855
20 6 0.0121701 -0.000757395
20 7 0.0138189 -0.000992453
20 8 0.0152924 -0.00123449
20 9 0.0165948 -0.00147452
20 10 0.0177317 -0.00170385
20 11 0.0187102 -0.0019142
20 12 0.0195385 -0.00209778
20 13 0.020226 -0.00224734
20 14 0.0207831 -0.00235639
20 15 0.0212213 -0.00241926
20 16 0.0215528 -0.0024314
20 17 0.0217909 -0.00238951
20 18 0.021949 -0.00229187
20 19 0.022041 -0.00213855
20 20 0.0220808 -0.00193162
20 21 0.0220813 -0.00167529
20 22 0.0220546 -0.00137594
20 23 0.0220108 -0.001042
20 24 0.0219575 -0.000683652
20 25 0.0218996 -0.000312354
20 26 0.0218387 5.97497e-05
20 27 0.0217733 0.000420509
20 28 0.0216983 0.000758444
20 29 0.021606 0.00106335
20 30 0.0214861 0.00132678
20 31 0.0213267 0.00154233
20 32 0.0211146 0.0017058
20 33 0.0208358 0.00181517
20 34 0.0204765 0.00187047
20 35 0.020023 0.00187357
20 36 0.0194623 0.00182794
20 37 0.0187822 0.00173841
20 38 0.0179715 0.00161091
20 39 0.0170202 0.0014523
20 40 0.0159197 0.00127016
20 41 0.0146625 0.00107267
20 42 0.0132429 0.000868461
20 43 0.0116567 0.0006665
20 44 0.0099016 0.00047597
20 45 0.00797772 0.00030612
20 46 0.00588755 0.000166089
20 47 0.0036366 6.46597e-05
20 48 0.0012338 9.95739e-06
20 49 0 0

21 0 0 0
21 1 0.00132765 -1.26915e-05
21 2 0.00390181 -8.25036e-05
21 3 0.00630439 -0.000211897
21 4 0.00852649 -0.00039089
21 5 0.0105629 -0.000609132
21 6 0.0124114 -0.00085616
21 7 0.0140724 -0.00112157
21 8 0.0155486 -0.00139516
21 9 0.0168443 -0.00166697
21 10 0.0179656 -0.00192737
21 11 0.0189199 -0.00216711
21 12 0.019716 -0.00237741
21 13 0.0203639 -0.00255
21 14 0.0208748 -0.00267731
21 15 0.021261 -0.00275262
21 16 0.0215361 -0.0027703
21 17 0.0217148 -0.00272609
21 18 0.0218123 -0.00261748
21 19 0.0218446 -0.00244398
21 20 0.0218278 -0.00220749
21 21 0.0217775 -0.00191252
21 22 0.0217078 -0.00156628
21 23 0.0216312 -0.00117862
21 24 0.0215572 -0.000761627
21 25 0.0214917 -0.000329101
21 26 0.0214368 0.000104262
21 27 0.0213905 0.000523753
21 28 0.0213466 0.000915548
21 29 0.0212957 0.0012675
21 30 0.0212253 0.00156973
21 31 0.0211209 0.00181498
21 32 0.0209669 0.00199874
21 33 0.0207472 0.00211914
21 34 0.0204455 0.00217676
21 35 0.0200466 0.00217428
21 36 0.0195356 0.00211615
21 37 0.0188994 0.00200828
21 38 0.0181256 0.00185774
21 39 0.0172034 0.0016725
21 40 0.0161235 0.00146125
21 41 0.014878 0.00123325
21 42 0.0134606 0.000998219
21 43 0.0118671 0.000766197
21 44 0.0100949 0.000547474
21 45 0.0081441 0.000352452
21 46 0.0060174 0.000191491
21 47 0.00372077 7.46742e-05
21 48 0.00126394 1.15139e-05
21 49 0 0

22 0 0 0
22 1 0.0013658 -1.43486e-05
22 2 0.00400816 -9.31599e-05
22 3 0.00646852 -0.000238916
22 4 0.00873755 -0.000440214
22 5 0.0108098 -0.000685421
22 6 0.0126832 -0.000962917
22 7 0.0143583 -0.00126124
22 8 0.015838 -0.00156917
22 9 0.0171269 -0.00187578
22 10 0.0182315 -0.00217048
22 11 0.0191596 -0.00244302
22 12 0.0199203 -0.00268352
22 13 0.0205243 -0.00288262
22 14 0.0209834 -0.00303153
22 15 0.0213111 -0.00312225
22 16 0.0215221 -0.00314788
22 17 0.0216325 -0.00310292
22 18 0.0216598 -0.00298373
22 19 0.0216223 -0.00278901
22 20 0.0215387 -0.00252025
22 21 0.0214277 -0.00218211
22 22 0.0213067 -0.00178268
22 23 0.0211907 -0.00133339
22 24 0.0210917 -0.000848664
22 25 0.0210171 -0.000345175
22 26 0.0209696 0.000159185
22 27 0.0209466 0.000646504
22 28 0.0209405 0.00110006
22 29 0.0209394 0.00150537
22 30 0.0209281 0.00185091
22 31 0.020889 0.00212855
22 32 0.0208034 0.00233358
22 33 0.0206523 0.00246454
22 34 0.0204173 0.00252281
22 35 0.0200806 0.0025122
22 36 0.0196262 0.00243842
22 37 0.0190392 0.0023087
22 38 0.0183064 0.00213141
22 39 0.0174163 0.00191582
22 40 0.0163589 0.00167181
22 41 0.0151259 0.00140982
22 42 0.0137105 0.00114067
22 43 0.0121082 0.000875556
22 44 0.0103163 0.000625895
22 45 0.00833476 0.000403294
22 46 0.00616641 0.000219399
22 47 0.00381758 8.56965e-05
22 48 0.00129869 1.32295e-05
22 49 0 0

23 0 0 0
23 1 0.00140894 -1.61279e-05
23 2 0.0041279 -0.000104581
23 3 0.00665291 -0.000267825
23 4 0.00897432 -0.000492931
23 5 0.0110867 -0.000766926
23 6 0.0129881 -0.00107701
23 7 0.0146794 -0.00141063
23 8 0.0161636 -0.00175559
23 9 0.0174459 -0.00209999
23 10 0.0185329 -0.00243226
23 11 0.0194328 -0.00274111
23 12 0.0201551 -0.00301559
23 13 0.0207109 -0.00324508
23 14 0.0211128 -0.00341946
23 15 0.0213749 -0.00352927
23 16 0.0215132 -0.00356602
23 17 0.0215457 -0.00352265
23 18 0.0214917 -0.00339404
23 19 0.0213725 -0.00317764
23 20 0.0212101 -0.00287419
23 21 0.0210268 -0.00248828
23 22 0.0208439 -0.0020288
23 23 0.0206803 -0.001509
23 24 0.0205509 -0.000946097
23 25 0.0204653 -0.000360359
23 26 0.020427 0.000226288
23 27 0.0204326 0.000791886
23 28 0.0204725 0.0013161
23 29 0.0205317 0.00178162
23 30 0.0205912 0.00217508
23 31 0.0206296 0.0024875
23 32 0.0206243 0.00271421
23 33 0.020553 0.00285449
23 34 0.0203944 0.00291096
23 35 0.0201286 0.0028889
23 36 0.0197377 0.00279563
23 37 0.0192056 0.00263997
23 38 0.0185182 0.00243183
23 39 0.0176631 0.00218187
23 40 0.0166299 0.0019013
23 41 0.0154098 0.00160176
23 42 0.0139958 0.00129526
23 43 0.012383 0.000994097
23 44 0.0105684 0.000710868
23 45 0.00855199 0.000458403
23 46 0.00633645 0.000249683
23 47 0.00392834 9.76783e-05
23 48 0.00133865 1.50981e-05
23 49 0 0

24 0 0 0
24 1 0.00145727 -1.80115e-05
24 2 0.00426178 -0.000116653
24 3 0.00685868 -0.000298337
24 4 0.00923826 -0.000548519
24 5 0.0113953 -0.00085285
24 6 0.0133281 -0.00119733
24 7 0.0150379 -0.00156838
24 8 0.0165282 -0.00195281
24 9 0.0178043 -0.00233779
24 10 0.0188731 -0.0027108
24 11 0.0197432 -0.00305955
24 12 0.0204243 -0.00337193
24 13 0.0209278 -0.00363607
24 14 0.0212668 -0.00384035
24 15 0.0214561 -0.00397364
24 16 0.0215128 -0.00402561
24 17 0.0214564 -0.0039872
24 18 0.0213088 -0.00385132
24 19 0.0210941 -0.00361368
24 20 0.0208384 -0.0032737
24 21 0.0205686 -0.00283553
24 22 0.0203109 -0.00230871
24 23 0.0200893 -0.00170849
24 24 0.0199227 -0.00105545
24 25 0.0198239 -0.000374374
24 26 0.019797 0.000307655
24 27 0.019838 0.000963504
24 28 0.0199342 0.00156831
24 29 0.0200666 0.00210133
24 30 0.0202112 0.00254718
24 31 0.0203415 0.00289617
24 32 0.0204304 0.00314408
24 33 0.0204515 0.00329143
24 34 0.0203803 0.0033426
24 35 0.0201945 0.00330485
24 36 0.0198745 0.0031875
24 37 0.0194029 0.00300127
24 38 0.0187649 0.00275779
24 39 0.0179475 0.00246927
24 40 0.0169399 0.00214829
24 41 0.0157329 0.00180775
24 42 0.0143194 0.0014608
24 43 0.012694 0.00112086
24 44 0.0108536 0.000801682
24 45 0.00879767 0.000517312
24 46 0.00652897 0.000282086
24 47 0.00405402 0.00011052
24 48 0.0013841 1.71041e-05
24 49 0 0

25 0 0 0
25 1 0.00151119 -1.99752e-05
25 2 0.00441058 -0.000129216
25 3 0.00708692 -0.000330038
25 4 0.00953073 -0.000606226
25 5 0.0117372 -0.000942042
25 6 0.0137051 -0.00132232
25 7 0.0154361 -0.00173247
25 8 0.0169341 -0.0021584
25 9 0.0182049 -0.0025864
25 10 0.0192556 -0.00300306
25 11 0.0200947 -0.00339513
25 12 0.0207323 -0.00374939
25 13 0.0211798 -0.00405265
25 14 0.0214505 -0.00429174
25 15 0.0215597 -0.00445368
25 16 0.0215253 -0.00452596
25 17 0.0213685 -0.00449712
25 18 0.0211132 -0.00435748
25 19 0.0207873 -0.00410029
25 20 0.0204212 -0.00372297
25 21 0.0200475 -0.00322854
25 22 0.019699 -0.00262686
25 23 0.0194061 -0.00193529
25 24 0.0191938 -0.00117846
25 25 0.0190785 -0.000386865
25 26 0.0190661 0.000405729
25 27 0.019151 0.00116549
25 28 0.0193168 0.00186182
25 29 0.0195384 0.00246987
25 30 0.0197855 0.00297209
25 31 0.020025 0.00335843
25 32 0.0202241 0.00362574
25 33 0.0203516 0.00377654
25 34 0.0203796 0.00381767
25 35 0.0202833 0.00375895
25 36 0.0200416 0.00361216
25 37 0.019636 0.00339023
25 38 0.0190511 0.00310668
25 39 0.0182737 0.00277537
25 40 0.0172926 0.00241028
25 41 0.0160986 0.00202553
25 42 0.0146842 0.00163538
25 43 0.0130437 0.00125433
25 44 0.0111738 0.000897223
25 45 0.00907364 0.000579287
25 46 0.00674547 0.000316205
25 47 0.00419566 0.000124064
25 48 0.00143554 1.9224e-05
25 49 0 0

26 0 0 0
26 1 0.00157077 -2.19842e-05
26 2 0.00457466 -0.000142049
26 3 0.00733818 -0.000362376
26 4 0.00985243 -0.000665052
26 5 0.0121132 -0.00103297
26 6 0.0141201 -0.00144986
26 7 0.0158754 -0.00190018
26 8 0.0173834 -0.00236902
26 9 0.0186502 -0.00284191
26 10 0.0196831 -0.00330464
26 11 0.0204909 -0.00374308
26 12 0.0210832 -0.00414297
26 13 0.0214716 -0.00448986
26 14 0.021669 -0.00476899
26 15 0.0216911 -0.00496539
26 16 0.0215563 -0.00506413
26 17 0.0212866 -0.00505086
26 18 0.0209085 -0.00491267
26 19 0.0204532 -0.00463943
26 20 0.0199565 -0.0042255
26 21 0.0194579 -0.00367183
26 22 0.0189985 -0.00298791
26 23 0.0186175 -0.00219317
26 24 0.0183481 -0.00131707
26 25 0.0182124 -0.000397369
26 26 0.0182184 0.000523374
26 27 0.0183584 0.00140255
26 28 0.0186105 0.00220221
26 29 0.0189416 0.00289265
26 30 0.0193123 0.00345416
26 31 0.0196814 0.00387702
26 32 0.0200088 0.00416013
26 33 0.0202582 0.00430903
26 34 0.0203979 0.00433392
26 35 0.0204009 0.00424788
26 36 0.0202445 0.00406561
26 37 0.0199099 0.0038025
26 38 0.0193813 0.00347413
26 39 0.0186455 0.003096
26 40 0.0176913 0.00268347
26 41 0.0165095 0.00225179
26 42 0.0150923 0.00181626
26 43 0.013434 0.00139236
26 44 0.0115307 0.000995925
26 45 0.00938105 0.000643302
26 46 0.00698682 0.000351471
26 47 0.00435386 0.000138084
26 48 0.00149313 2.14222e-05
26 49 0 0

27 0 0 0
27 1 0.0016362 -2.39961e-05
27 2 0.00475427 -0.000154877
27 3 0.00761276 -0.000394659
27 4 0.0102037 -0.000723747
27 5 0.012524 -0.00112372
27 6 0.014574 -0.00157728
27 7 0.0163568 -0.00206805
27 8 0.0178773 -0.0025804
27 9 0.019142 -0.00309922
27 10 0.0201583 -0.00360965
27 11 0.0209348 -0.0040968
27 12 0.0214811 -0.00454553
27 13 0.0218081 -0.00494023
27 14 0.0219284 -0.00526461
27 15 0.0218571 -0.0055017
27 16 0.0216126 -0.00563397
27 17 0.0212177 -0.00564376
27 18 0.0207005 -0.00551421
27 19 0.0200956 -0.00523073
27 20 0.0194447 -0.00478327
27 21 0.0187955 -0.0041692
27 22 0.0181999 -0.00339645
27 23 0.0177091 -0.00248613
27 24 0.0173678 -0.00147336
27 25 0.0172063 -0.000405273
27 26 0.0172359 0.000663907
27 27 0.0174459 0.00167987
27 28 0.017806 0.00259523
27 29 0.0182719 0.00337457
27 30 0.0187921 0.00399643
27 31 0.0193144 0.00445259
27 32 0.0197906 0.00474547
27 33 0.0201784 0.00488506
27 34 0.0204425 0.00488598
27 35 0.0205539 0.00476531
27 36 0.0204894 0.00454106
27 37 0.0202298 0.00423129
27 38 0.0197598 0.00385364
27 39 0.0190664 0.0034252
27 40 0.0181388 0.00296258
27 41 0.0169677 0.00248206
27 42 0.0155455 0.0019998
27 43 0.0138661 0.00153212
27 44 0.0119252 0.00109574
27 45 0.00972073 0.000708018
27 46 0.0072537 0.000387142
27 47 0.00452911 0.000152285
27 48 0.00155716 2.36531e-05
27 49 0 0

28 0 0 0
28 1 0.00170731 -2.59582e-05
28 2 0.0049491 -0.00016737
28 3 0.00791022 -0.000426059
28 4 0.0105841 -0.000780815
28 5 0.012969 -0.001212
28 6 0.0150663 -0.00170137
28 7 0.0168801 -0.00223186
28 8 0.0184161 -0.00278726
28 9 0.019681 -0.00335195
28 10 0.0206825 -0.00391058
28 11 0.0214289 -0.0044477
28 12 0.0219292 -0.00494748
28 13 0.0221936 -0.00539333
28 14 0.022234 -0.00576763
28 15 0.0220643 -0.00605154
28 16 0.0217021 -0.00622492
28 17 0.02117 -0.00626656
28 18 0.020497 -0.00615499
28 19 0.0197206 -0.00587
28 20 0.0188883 -0.00539534
28 21 0.0180576 -0.00472264
28 22 0.0172939 -0.0038563
28 23 0.0166651 -0.00281808
28 24 0.0162321 -0.00164949
28 25 0.0160377 -0.000409764
28 26 0.016098 0.000831082
28 27 0.0163976 0.00200292
28 28 0.0168941 0.00304621
28 29 0.0175267 0.00391904
28 30 0.0182274 0.00459925
28 31 0.0189305 0.00508211
28 32 0.0195776 0.00537576
28 33 0.0201207 0.00549636
28 34 0.0205214 0.00546419
28 35 0.0207496 0.00530097
28 36 0.020782 0.0050283
28 37 0.0206004 0.00466689
28 38 0.0201901 0.00423632
28 39 0.0195389 0.00375508
28 40 0.0186366 0.00324083
28 41 0.0174743 0.00271066
28 42 0.0160443 0.00218142
28 43 0.0143403 0.0016701
28 44 0.0123573 0.00119415
28 45 0.0100925 0.000771791
28 46 0.00754594 0.000422308
28 47 0.00472129 0.000166303
28 48 0.00162752 2.58587e-05
28 49 0 0

29 0 0 0
29 1 0.00178398 -2.78115e-05
29 2 0.00515863 -0.00017915
29 3 0.00822969 -0.000455638
29 4 0.0109925 -0.000834556
29 5 0.0134469 -0.00129517
29 6 0.0155958 -0.00181846
29 7 0.0174443 -0.00238676
29 8 0.018999 -0.00298345
29 9 0.020267 -0.00359255
29 10 0.021256 -0.00419841
29 11 0.0219741 -0.00478522
29 12 0.0224296 -0.00533667
29 13 0.0226318 -0.0058355
29 14 0.022591 -0.00626308
29 15 0.0223196 -0.006599
29 16 0.0218335 -0.00682077
29 17 0.0211537 -0.0069037
29 18 0.0203089 -0.00682133
29 19 0.0193382 -0.00654675
29 20 0.0182943 -0.00605545
29 21 0.0172453 -0.0053304
29 22 0.0162736 -0.00436918
29 23 0.0154696 -0.00319202
29 24 0.0149183 -0.00184726
29 25 0.0146812 -0.000409735
29 26 0.0147819 0.00102891
29 27 0.0151979 0.00237685
29 28 0.0158679 0.00355884
29 29 0.0167074 0.00452611
29 30 0.0176257 0.00525797
29 31 0.0185399 0.00575651
29 32 0.0193811 0.00603852
29 33 0.0200958 0.00612845
29 34 0.0206436 0.0060533
29 35 0.020995 0.00583982
29 36 0.0211279 0.00551313
29 37 0.0210255 0.00509637
29 38 0.0206746 0.00461071
29 39 0.0200644 0.00407574
29 40 0.0191853 0.00350987
29 41 0.0180291 0.00293074
29 42 0.0165881 0.00235569
29 43 0.0148556 0.00180218
29 44 0.0128261 0.00128821
29 45 0.0104957 0.000832702
29 46 0.00786292 0.000455905
29 47 0.00493004 0.000179711
29 48 0.00170418 2.79721e-05
29 49 0 0

30 0 0 0
30 1 0.00186571 -2.94904e-05
30 2 0.00538165 -0.000189809
30 3 0.0085694 -0.00048237
30 4 0.0114266 -0.000883122
30 5 0.0139552 -0.00137039
30 6 0.0161598 -0.00192451
30 7 0.0180468 -0.00252739
30 8 0.0196235 -0.00316211
30 9 0.0208976 -0.00381251
30 10 0.0218771 -0.00446277
30 11 0.0225695 -0.00509693
30 12 0.0229825 -0.00569848
30 13 0.023124 -0.0062498
30 14 0.0230025 -0.00673166
30 15 0.0226283 -0.00712259
30 16 0.0220145 -0.00739833
30 17 0.0211793 -0.00753124
30 18 0.0201491 -0.00749011
30 19 0.0189621 -0.00724071
30 20 0.0176744 -0.00674833
30 21 0.0163645 -0.00598347
30 22 0.015135 -0.00493197
30 23 0.0141071 -0.00360836
30 24 0.0134013 -0.00206738
30 25 0.0131076 -0.000403662
30 26 0.0132627 0.00126109
30 27 0.0138314 0.0028049
30 28 0.0147241 0.00413259
30 29 0.0158205 0.00518901
30 30 0.0169993 0.00595925
30 31 0.018157 0.00645716
30 32 0.0192145 0.00671203
30 33 0.0201146 0.00675857
30 34 0.0208175 0.00663112
30 35 0.021296 0.00636124
30 36 0.0215305 0.00597706
30 37 0.0215068 0.00550351
30 38 0.0212138 0.0049629
30 39 0.0206422 0.00437547
30 40 0.0197837 0.00376002
30 41 0.0186304 0.0031345
30 42 0.0171748 0.00251649
30 43 0.01541 0.00192374
30 44 0.0133294 0.00137463
30 45 0.0109281 0.00088862
30 46 0.00820298 0.000486751
30 47 0.00515423 0.000192035
30 48 0.00178665 2.99172e-05
30 49 0 0

31 0 0 0
31 1 0.00195202 -3.09279e-05
31 2 0.00561666 -0.000198918
31 3 0.00892705 -0.000505199
31 4 0.0118837 -0.000924597
31 5 0.0144907 -0.00143469
31 6 0.0167547 -0.00201533
31 7 0.0186836 -0.00264812
31 8 0.0202856 -0.00331598
31 9 0.0215692 -0.00400269
31 10 0.0225422 -0.00469237
31 11 0.023212 -0.00536911
31 12 0.0235854 -0.00601637
31 13 0.0236689 -0.00661648
31 14 0.0234689 -0.00715003
31 15 0.0229931 -0.00759514
31 16 0.022251 -0.00792663
31 17 0.0212566 -0.00811502
31 18 0.0200314 -0.00812546
31 19 0.0186099 -0.00791704
31 20 0.0170472 -0.00744369
31 21 0.0154294 -0.00665946
31 22 0.0138816 -0.00553133
31 23 0.012566 -0.00406086
31 24 0.0116567 -0.00230733
31 25 0.0112864 -0.000389394
31 26 0.0115162 0.00152935
31 27 0.0122872 0.00328474
31 28 0.0134668 0.00475746
31 29 0.014881 0.0058881
31 30 0.0163675 0.00667502
31 31 0.0178003 0.00715101
31 32 0.0190925 0.00736189
31 33 0.0201875 0.00735374
31 34 0.0210496 0.00716767
31 35 0.0216557 0.0068389
31 36 0.0219906 0.00639746
31 37 0.0220435 0.00586924
31 38 0.0218056 0.00527698
31 39 0.0212696 0.00464115
31 40 0.0204283 0.00398064
31 41 0.0192745 0.00331345
31 42 0.0178008 0.00265723
31 43 0.0159997 0.00202985
31 44 0.0138639 0.00144993
31 45 0.0113869 0.0009373
31 46 0.00856384 0.000513603
31 47 0.00539238 0.000202773
31 48 0.00187446 3.16151e-05
31 49 0 0

32 0 0 0
32 1 0.00204201 -3.20567e-05
32 2 0.00586147 -0.000206063
32 3 0.00929938 -0.000523087
32 4 0.0123595 -0.000957105
32 5 0.0150485 -0.00148516
32 6 0.0173752 -0.00208677
32 7 0.0193491 -0.00274337
32 8 0.0209795 -0.00343781
32 9 0.0222755 -0.00415385
32 10 0.0232451 -0.00487569
32 11 0.0238955 -0.00558746
32 12 0.0242325 -0.00627275
32 13 0.0242611 -0.006914
32 14 0.0239859 -0.00749192
32 15 0.0234113 -0.00798474
32 16 0.0225431 -0.00836729
32 17 0.0213901 -0.00860973
32 18 0.0199668 -0.00867581
32 19 0.0182997 -0.00852046
32 20 0.0164365 -0.0080876
32 21 0.0144638 -0.00731198
32 22 0.0125273 -0.00613295
32 23 0.0108426 -0.00452728
32 24 0.00966563 -0.00255627
32 25 0.00918799 -0.000363812
32 26 0.00952399 0.00182895
32 27 0.0105629 0.00379958
32 28 0.0121118 0.00540337
32 29 0.0139146 0.00658019
32 30 0.0157558 0.00735374
32 31 0.0174893 0.00778463
32 32 0.0190273 0.00793794
32 33 0.0203204 0.00786977
32 34 0.0213409 0.00762542
32 35 0.0220724 0.00724158
32 36 0.0225047 0.00674866
32 37 0.0226306 0.00617255
32 38 0.0224444 0.00553589
32 39 0.0219406 0.00485902
32 40 0.0211131 0.00416073
32 41 0.0199555 0.00345894
32 42 0.0184602 0.00277127
32 43 0.0166194 0.0021156
32 44 0.0144247 0.00151065
32 45 0.011868 0.000976506
32 46 0.00894212 0.000535225
32 47 0.00564217 0.000211427
32 48 0.00196666 3.29853e-05
32 49 0 0

33 0 0 0
33 1 0.00213481 -3.28168e-05
33 2 0.00611359 -0.000210861
33 3 0.00968265 -0.000535087
33 4 0.0128492 -0.000978932
33 5 0.0156231 -0.00151913
33 6 0.018015 -0.00213502
33 7 0.0200363 -0.00280798
33 8 0.0216976 -0.00352083
33 9 0.0230085 -0.00425735
33 10 0.0239773 -0.00500177
33 11 0.0246109 -0.00573826
33 12 0.0249142 -0.00645045
33 13 0.024891 -0.00712086
33 14 0.0245435 -0.00773032
33 15 0.0238736 -0.0082573
33 16 0.0228831 -0.00867712
33 17 0.0215753 -0.0089608
33 18 0.0199574 -0.00907325
33 19 0.0180441 -0.00897004
33 20 0.0158678 -0.00859122
33 21 0.0135013 -0.00785405
33 22 0.0111009 -0.00666063
33 23 0.0089479 -0.00494674
33 24 0.00743122 -0.00278099
33 25 0.00679461 -0.000322212
33 26 0.00728994 0.00213598
33 27 0.0086728 0.00429605
33 28 0.0106913 0.0059991
33 29 0.0129576 0.00718144
33 30 0.0151921 0.00790884
33 31 0.0172384 0.00827872
33 32 0.0190224 0.00837341
33 33 0.02051 0.00825286
33 34 0.0216846 0.00796177
33 35 0.0225374 0.00753565
33 36 0.0230633 0.00700405
33 37 0.0232589 0.00639232
33 38 0.0231212 0.00572283
33 39 0.0226465 0.00501575
33 40 0.0218299 0.0042898
33 41 0.0206655 0.00356281
33 42 0.0191459 0.00285237
33 43 0.0172625 0.00217637
33 44 0.0150059 0.00155356
33 45 0.0123661 0.00100416
33 46 0.0093338 0.000550469
33 47 0.00590097 0.000217534
33 48 0.00206233 3.39546e-05
33 49 0 0

34 0 0 0
34 1 0.0022292 -3.31564e-05
34 2 0.00636992 -0.000212994
34 3 0.0100723 -0.000540408
34 4 0.0133472 -0.000988643
34 5 0.0162075 -0.00153436
34 6 0.0186664 -0.00215689
34 7 0.0207368 -0.0028376
34 8 0.0224305 -0.00355933
34 9 0.023758 -0.00430582
34 10 0.0247277 -0.00506124
34 11 0.025346 -0.00580967
34 12 0.0256173 -0.00653454
34 13 0.0255436 -0.00721811
34 14 0.0251254 -0.0078409
34 15 0.0243617 -0.00838112
34 16 0.023251 -0.00881403
34 17 0.0217921 -0.00911128
34 18 0.0199854 -0.00923979
34 19 0.0178355 -0.00915982
34 20 0.0153538 -0.00881963
34 21 0.0125769 -0.00813487
34 22 0.00963988 -0.00696237
34 23 0.0069078 -0.00515983
34 24 0.00502282 -0.00288411
34 25 0.00412598 -0.000256491
34 26 0.00488528 0.00236752
34 27 0.0066503 0.00462524
34 28 0.00924912 0.00639647
34 29 0.0120489 0.00754338
34 30 0.0146917 0.00820706
34 31 0.0170423 0.00852829
34 32 0.0190622 0.00859076
34 33 0.0207376 0.00844624
34 34 0.0220621 0.00813468
34 35 0.0230333 0.00768946
34 36 0.0236506 0.00713937
34 37 0.0239141 0.00650971
34 38 0.0238229 0.00582304
34 39 0.0233753 0.00509975
34 40 0.0225677 0.00435875
34 41 0.0213946 0.00361801
34 42 0.0198486 0.0028952
34 43 0.0179206 0.00220825
34 44 0.0156 0.00157593
34 45 0.012875 0.00101851
34 46 0.00973388 0.000558364
34 47 0.00616537 0.000220703
34 48 0.00216012 3.44593e-05
34 49 0 0

35 0 0 0
35 1 0.00232401 -3.30397e-05
35 2 0.00662725 -0.000212233
35 3 0.0104634 -0.000538481
35 4 0.0138472 -0.000985205
35 5 0.0167946 -0.00152923
35 6 0.019321 -0.00215004
35 7 0.0214411 -0.00282907
35 8 0.0231679 -0.00354913
35 9 0.0245125 -0.00429389
35 10 0.0254833 -0.00504731
35 11 0.0260865 -0.00579312
35 12 0.0263253 -0.00651422
35 13 0.0262002 -0.0071921
35 14 0.0257096 -0.00780617
35 15 0.0248496 -0.0083331
35 16 0.0236154 -0.00874627
35 17 0.0220019 -0.00901538
35 18 0.0200049 -0.00910608
35 19 0.0176231 -0.00897932
35 20 0.0148593 -0.00859402
35 21 0.0117026 -0.00790673
35 22 0.00817298 -0.00676838
35 23 0.00468818 -0.00480957
35 24 0.00269495 -0.00249402
35 25 0.00136198 -0.000153767
35 26 0.00257028 0.0021847
35 27 0.00448395 0.00443407
35 28 0.00782165 0.00632532
35 29 0.0112046 0.00741959
35 30 0.0142234 0.00806997
35 31 0.0168538 0.00842228
35 32 0.0191031 0.00851979
35 33 0.0209664 0.00840332
35 34 0.022443 0.00811175
35 35 0.0235349 0.0076794
35 36 0.0242455 0.00713677
35 37 0.0245777 0.00651088
35 38 0.0245334 0.00582563
35 39 0.0241128 0.00510243
35 40 0.0233136 0.00436087
35 41 0.0221311 0.00361935
35 42 0.020558 0.00289581
35 43 0.0185845 0.00220833
35 44 0.0161989 0.00157574
35 45 0.0133879 0.00101827
35 46 0.010137 0.000558197
35 47 0.00643182 0.000220645
35 48 0.00225875 3.44541e-05
35 49 0 0

36 0 0 0
36 1 0.0024178 -3.24467e-05
36 2 0.00688194 -0.000208457
36 3 0.0108506 -0.00052901
36 4 0.0143424 -0.000968078
36 5 0.0173761 -0.00150291
36 6 0.0199695 -0.00211327
36 7 0.0221388 -0.00278071
36 8 0.0238982 -0.00348806
36 9 0.0252591 -0.00421879
36 10 0.02623 -0.00495651
36 11 0.0268164 -0.00568437
36 12 0.0270201 -0.00638444
36 13 0.0268399 -0.00703688
36 14 0.0262711 -0.00761916
36 15 0.0253063 -0.00810493
36 16 0.0239366 -0.00846306
36 17 0.0221521 -0.00865682
36 18 0.0199433 -0.00864324
36 19 0.0173013 -0.00837104
36 20 0.0142303 -0.00777253
36 21 0.0107606 -0.00680451
36 22 0.00672149 -0.00555022
36 23 0.00201996 -0.0032772
36 24 0.000642863 -0.000825605
36 25 0 0
36 26 0.000603458 0.000759715
36 27 0.00192441 0.0030902
36 28 0.00643087 0.00525895
36 29 0.0103128 0.00644512
36 30 0.0136387 0.00735218
36 31 0.01657 0.00789949
36 32 0.0190743 0.0081287
36 33 0.0211449 0.00810564
36 34 0.0227884 0.00788059
36 35 0.0240119 0.00749601
36 36 0.0248231 0.00698849
36 37 0.0252289 0.00638931
36 38 0.0252347 0.00572519
36 39 0.0248431 0.00501936
36 40 0.0240536 0.00429258
36 41 0.0228624 0.00356401
36 42 0.0212625 0.00285206
36 43 0.0192439 0.00217505
36 44 0.0167938 0.0015519
36 45 0.0138971 0.00100272
36 46 0.0105372 0.000549583
36 47 0.00669625 0.000217204
36 48 0.00235658 3.39131e-05
36 49 0 0

37 0 0 0
37 1 0.00250932 -3.13791e-05
37 2 0.00713048 -0.000201673
37 3 0.0112286 -0.000512005
37 4 0.0148259 -0.000937277
37 5 0.017944 -0.00145541
37 6 0.0206027 -0.00204659
37 7 0.0228197 -0.00269258
37 8 0.0246098 -0.00337618
37 9 0.0259849 -0.00408065
37 10 0.0269534 -0.00478915
37 11 0.0275195 -0.00548414
37 12 0.0276837 -0.00614662
37 13 0.027442 -0.00675527
37 14 0.026786 -0.00728518
37 15 0.0257032 -0.00770628
37 16 0.0241777 -0.00798126
37 17 0.0221916 -0.00806323
37 18 0.0197257 -0.00789394
37 19 0.0167543 -0.00740023
37 20 0.0132163 -0.00646792
37 21 0.00910843 -0.00478668
37 22 0.00453521 -0.00213051
37 23 0 0
37 24 0 0
37 25 0 0
37 26 0 0
37 27 0 0
37 28 0.00435103 0.00203359
37 29 0.00874788 0.00456424
37 30 0.0126919 0.00615344
37 31 0.0160767 0.00701725
37 32 0.0189016 0.007455
37 33 0.0212224 0.00757732
37 34 0.0230617 0.00745565
37 35 0.0244356 0.00714728
37 36 0.0253596 0.00669865
37 37 0.0258472 0.00614696
37 38 0.0259086 0.00552254
37 39 0.02555 0.0048508
37 40 0.0247731 0.0041539
37 41 0.0235755 0.00345192
37 42 0.0219507 0.00276386
37 43 0.0198887 0.00210834
37 44 0.0173757 0.00150434
37 45 0.0143952 0.000971849
37 46 0.0109285 0.000532506
37 47 0.00695474 0.000210376
37 48 0.0024522 3.2836e-05
37 49 0 0

38 0 0 0
38 1 0.00259711 -2.98575e-05
38 2 0.00736925 -0.000192013
38 3 0.011592 -0.000487794
38 4 0.0152911 -0.000893392
38 5 0.0184904 -0.00138764
38 6 0.0212115 -0.0019513
38 7 0.0234733 -0.00256644
38 8 0.0252913 -0.00321587
38 9 0.0266775 -0.00388262
38 10 0.0276396 -0.00454941
38 11 0.0281809 -0.005198
38 12 0.0282998 -0.00580845
38 13 0.027989 -0.00635815
38 14 0.0272356 -0.00682039
38 15 0.0260201 -0.00716226
38 16 0.0243166 -0.00734157
38 17 0.0220941 -0.00730264
38 18 0.0193206 -0.00697302
38 19 0.0159631 -0.00627365
38 20 0.0119536 -0.0051566
38 21 0.00691186 -0.00361897
38 22 0.00158007 -0.000997539
38 23 0 0
38 24 0 0
38 25 0 0
38 26 0 0
38 27 0 0
38 28 0.00152093 0.000958894
38 29 0.00665634 0.00347241
38 30 0.0115067 0.00492861
38 31 0.0153506 0.00597202
38 32 0.0185514 0.0066073
38 33 0.0211714 0.00688227
38 34 0.0232397 0.00687481
38 35 0.0247851 0.00665635
38 36 0.0258357 0.00628196
38 37 0.0264146 0.00579368
38 38 0.0265386 0.00522455
38 39 0.0262182 0.00460171
38 40 0.0254581 0.0039485
38 41 0.0242576 0.00328583
38 42 0.0226111 0.00263324
38 43 0.0205084 0.00200966
38 44 0.0179354 0.00143412
38 45 0.0148745 0.000926314
38 46 0.0113049 0.000507339
38 47 0.0072032 0.00020031
38 48 0.00254399 3.12465e-05
38 49 0 0

39 0 0 0
39 1 0.00268003 -2.79236e-05
39 2 0.00759505 -0.000179733
39 3 0.0119361 -0.00045701
39 4 0.0157316 -0.000837563
39 5 0.0190077 -0.00130137
39 6 0.0217873 -0.00182995
39 7 0.0240903 -0.00240574
39 8 0.0259325 -0.00301168
39 9 0.0273256 -0.00363064
39 10 0.0282768 -0.00424494
39 11 0.0287879 -0.00483582
39 12 0.0288551 -0.00538272
39 13 0.028468 -0.00586237
39 14 0.0276084 -0.00624754
39 15 0.0262492 -0.00650494
39 16 0.0243523 -0.00659161
39 17 0.0218679 -0.00644825
39 18 0.0187365 -0.00598712
39 19 0.0149159 -0.00507376
39 20 0.0103903 -0.00357685
39 21 0.00499987 -0.00154469
39 22 0 0
39 23 0 0
39 24 0 0
39 25 0 0
39 26 0 0
39 27 0 0
39 28 0 0
39 29 0.00482849 0.00148665
39 30 0.0100259 0.00342925
39 31 0.0143755 0.00484448
39 32 0.0180288 0.00568833
39 33 0.0209974 0.00609046
39 34 0.0233198 0.00618326
39 35 0.0250516 0.00605342
39 36 0.0262392 0.00575976
39 37 0.0269176 0.00534517
39 38 0.0271109 0.00484311
39 39 0.0268347 0.00428122
39 40 0.0260964 0.00368341
39 41 0.0248975 0.00307111
39 42 0.0232332 0.00246427
39 43 0.0210938 0.00188201
39 44 0.018465 0.00134329
39 45 0.0153282 0.000867458
39 46 0.0116611 0.000474822
39 47 0.00743805 0.000187307
39 48 0.00263064 2.91935e-05
39 49 0 0

40 0 0 0
40 1 0.00275687 -2.56348e-05
40 2 0.00780484 -0.000165196
40 3 0.0122562 -0.000420548
40 4 0.0161418 -0.00077141
40 5 0.0194893 -0.00119912
40 6 0.0223227 -0.00168612
40 7 0.0246623 -0.00221539
40 8 0.0265242 -0.00277007
40 9 0.0279196 -0.00333302
40 10 0.0288548 -0.00388634
40 11 0.0293302 -0.00441095
40 12 0.0293399 -0.00488604
40 13 0.0288704 -0.00528846
40 14 0.0278992 -0.00559193
40 15 0.0263928 -0.00576592
40 16 0.0243027 -0.00577369
40 17 0.02156 -0.00556812
40 18 0.0180695 -0.0050813
40 19 0.0137054 -0.00419524
40 20 0.00852358 -0.00264375
40 21 0.0029228 -0.000679879
40 22 0 0
40 23 0 0
40 24 0 0
40 25 0 0
40 26 0 0
40 27 0 0
40 28 0 0
40 29 0.00282967 0.000655958
40 30 0.00824405 0.0025435
40 31 0.013239 0.00401818
40 32 0.0174245 0.00483884
40 33 0.020744 0.00526755
40 34 0.0233175 0.00542151
40 35 0.0252357 0.00536859
40 36 0.0265637 0.00515604
40 37 0.0273467 0.00482085
40 38 0.0276152 0.00439387
40 39 0.0273887 0.00390182
40 40 0.0266776 0.00336846
40 41 0.0254852 0.00281539
40 42 0.0238079 0.00226273
40 43 0.0216366 0.00172964
40 44 0.0189569 0.00123486
40 45 0.0157498 0.0007972
40 46 0.0119919 0.000436022
40 47 0.0076559 0.000171798
40 48 0.00271081 2.67456e-05
40 49 0 0

41 0 0 0
41 1 0.00282682 -2.30633e-05
41 2 0.00799625 -0.000148845
41 3 0.0125489 -0.000379511
41 4 0.0165171 -0.000696921
41 5 0.0199298 -0.00108399
41 6 0.0228116 -0.00152424
41 7 0.0251829 -0.00200138
41 8 0.0270596 -0.00249895
41 9 0.0284525 -0.00299993
41 10 0.0293666 -0.00348643
41 11 0.0298011 -0.0039393
41 12 0.029748 -0.00433778
41 13 0.0291916 -0.00465923
41 14 0.0281066 -0.00487894
41 15 0.0264559 -0.00497015
41 16 0.024187 -0.00490475
41 17 0.0212255 -0.00465517
41 18 0.0174637 -0.00419858
41 19 0.0127524 -0.00352149
41 20 0.00677579 -0.00257123
41 21 0.00130408 -0.000673354
41 22 0 0
41 23 0 0
41 24 0 0
41 25 0 0
41 26 0 0
41 27 0 0
41 28 0 0
41 29 0.0012648 0.000652987
41 30 0.00656934 0.00248515
41 31 0.0123472 0.00338245
41 32 0.0168767 0.00400456
41 33 0.0204629 0.00440704
41 34 0.0232499 0.00460603
41 35 0.0253408 0.00462591
41 36 0.0268065 0.00449517
41 37 0.0276965 0.00424253
41 38 0.0280445 0.00389524
41 39 0.0278728 0.00347854
41 40 0.0271942 0.00301565
41 41 0.0260133 0.00252805
41 42 0.0243281 0.00203577
41 43 0.0221301 0.00155781
41 44 0.0194053 0.0011125
41 45 0.0161344 0.000717907
41 46 0.0122935 0.000392249
41 47 0.00785417 0.000154314
41 48 0.00278359 2.39886e-05
41 49 0 0

42 0 0 0
42 1 0.00288906 -2.02873e-05
42 2 0.00816729 -0.000131177
42 3 0.012811 -0.000335122
42 4 0.0168537 -0.000616313
42 5 0.0203248 -0.000959414
42 6 0.0232491 -0.00134924
42 7 0.025647 -0.00177041
42 8 0.0275338 -0.00220709
42 9 0.0289194 -0.00264265
42 10 0.0298079 -0.00305945
42 11 0.0301969 -0.00343854
42 12 0.0300769 -0.00375947
42 13 0.0294302 -0.00400019
42 14 0.0282299 -0.00413708
42 15 0.0264377 -0.00414527
42 16 0.0240009 -0.00399931
42 17 0.0208471 -0.00367391
42 18 0.0168732 -0.00314265
42 19 0.0119028 -0.0023628
42 20 0.00561053 -0.00121916
42 21 0 0
42 22 0 0
42 23 0 0
42 24 0 0
42 25 0 0
42 26 0 0
42 27 0 0
42 28 0 0
42 29 0 0
42 30 0.00545342 0.00117988
42 31 0.0115509 0.00226985
42 32 0.0163397 0.00299621
42 33 0.0201361 0.0034752
42 34 0.0231113 0.00375127
42 35 0.0253648 0.00385233
42 36 0.026966 0.00380476
42 37 0.0279644 0.00363477
42 38 0.0283954 0.00336784
42 39 0.0282828 0.00302816
42 40 0.0276412 0.00263836
42 41 0.0264768 0.00221952
42 42 0.0247887 0.00179135
42 43 0.0225695 0.00137238
42 44 0.0198055 0.000980307
42 45 0.016478 0.000632218
42 46 0.0125627 0.000344962
42 47 0.00803069 0.000135445
42 48 0.00284811 2.10166e-05
42 49 0 0

43 0 0 0
43 1 0.00294322 -1.7389e-05
43 2 0.00831675 -0.000112698
43 3 0.0130408 -0.000288644
43 4 0.0171493 -0.000531868
43 5 0.0206716 -0.000828954
43 6 0.0236325 -0.0011662
43 7 0.0260519 -0.00152938
43 8 0.0279442 -0.00190354
43 9 0.0293186 -0.00227277
43 10 0.0301779 -0.00262003
43 11 0.0305182 -0.00292697
43 12 0.0303286 -0.00317386
43 13 0.0295899 -0.00333956
43 14 0.0282738 -0.00340167
43 15 0.0263413 -0.00333684
43 16 0.0237392 -0.00312123
43 17 0.0203947 -0.00273084
43 18 0.0161998 -0.00214147
43 19 0.0109751 -0.00133491
43 20 0.00427675 -0.000345712
43 21 0 0
43 22 0 0
43 23 0 0
43 24 0 0
43 25 0 0
43 26 0 0
43 27 0 0
43 28 0 0
43 29 0 0
43 30 0.00416781 0.000332778
43 31 0.0106739 0.00127846
43 32 0.0157177 0.00203609
43 33 0.0197332 0.00257632
43 34 0.0228956 0.00291982
43 35 0.0253097 0.00309237
43 36 0.0270455 0.00311914
43 37 0.0281533 0.00302484
43 38 0.0286692 0.0028335
43 39 0.0286187 0.0025681
43 40 0.0280175 0.00225034
43 41 0.0268736 0.00190052
43 42 0.0251871 0.00153762
43 43 0.0229518 0.00117937
43 44 0.020155 0.000842491
43 45 0.0167782 0.000542836
43 46 0.0127976 0.000295659
43 47 0.00818426 0.000115796
43 48 0.002904 1.79271e-05
43 49 0 0

44 0 0 0
44 1 0.00298895 -1.44449e-05
44 2 0.00844379 -9.38943e-05
44 3 0.0132369 -0.00024128
44 4 0.0174022 -0.00044577
44 5 0.0209685 -0.000696
44 6 0.0239602 -0.00097996
44 7 0.0263964 -0.00128482
44 8 0.0282906 -0.00159684
44 9 0.0296509 -0.0019012
44 10 0.0304788 -0.00218191
44 11 0.0307692 -0.00242177
44 12 0.0305099 -0.0026024
44 13 0.0296806 -0.00270437
44 14 0.0282521 -0.00270761
44 15 0.0261852 -0.00259217
44 16 0.0234278 -0.00233964
44 17 0.0199104 -0.00193634
44 18 0.0155372 -0.00138241
44 19 0.0101694 -0.000720477
44 20 0.00369248 -0.000156006
44 21 0 0
44 22 0 0
44 23 0 0
44 24 0 0
44 25 0 0
44 26 0 0
44 27 0 0
44 28 0 0
44 29 0 0
44 30 0.00360743 0.00014933
44 31 0.00991009 0.000685868
44 32 0.015101 0.00130788
44 33 0.0192947 0.00181868
44 34 0.0226275 0.00217949
44 35 0.0251927 0.00239235
44 36 0.0270577 0.00247236
44 37 0.0282719 0.00243895
44 38 0.0288719 0.00231283
44 39 0.0288839 0.00211469
44 40 0.0283249 0.00186449
44 41 0.027204 0.00158112
44 42 0.0255228 0.00128228
44 43 0.0232761 0.000984456
44 44 0.0204522 0.000703031
44 45 0.0170336 0.000452321
44 46 0.0129971 0.000245752
44 47 0.00831412 9.59354e-05
44 48 0.00295094 1.48104e-05
44 49 0 0

45 0 0 0
45 1 0.00302633 -1.15239e-05
45 2 0.00854836 -7.5193e-05
45 3 0.0133993 -0.000194095
45 4 0.0176122 -0.000359943
45 5 0.0212155 -0.000563542
45 6 0.0242325 -0.000794759
45 7 0.0266814 -0.00104244
45 8 0.0285748 -0.00129437
45 9 0.0299195 -0.00153723
45 10 0.0307159 -0.00175662
45 11 0.0309579 -0.00193706
45 12 0.0306322 -0.00206227
45 13 0.029718 -0.00211551
45 14 0.0281865 -0.00208038
45 15 0.0260001 -0.00194228
45 16 0.0231116 -0.00169125
45 17 0.0194631 -0.0013278
45 18 0.0149878 -0.000875641
45 19 0.00962948 -0.000409221
45 20 0.0034047 -7.62807e-05
45 21 0 0
45 22 0 0
45 23 0 0
45 24 0 0
45 25 0 0
45 26 0 0
45 27 0 0
45 28 0 0
45 29 0 0
45 30 0.00333334 7.24053e-05
45 31 0.00940064 0.000386584
45 32 0.0145897 0.000822804
45 33 0.0188872 0.00123954
45 34 0.0223499 0.00156655
45 35 0.0250432 0.00178275
45 36 0.0270233 0.0018893
45 37 0.0283352 0.00189735
45 38 0.029014 0.00182234
45 39 0.0290857 0.00168134
45 40 0.028568 0.00149159
45 41 0.027471 0.00126983
45 42 0.0257974 0.00103189
45 43 0.0235431 0.000792528
45 44 0.0206976 0.000565371
45 45 0.0172444 0.000362895
45 46 0.0131612 0.00019647
45 47 0.00842038 7.63584e-05
45 48 0.00298907 1.17461e-05
45 49 0 0

46 0 0 0
46 1 0.00305538 -8.67923e-06
46 2 0.00863062 -5.69358e-05
46 3 0.013528 -0.000147943
46 4 0.0177798 -0.000275935
46 5 0.0214132 -0.000433967
46 6 0.0244506 -0.000613957
46 7 0.026909 -0.000806667
46 8 0.0287999 -0.00100176
46 9 0.0301292 -0.0011878
46 10 0.0308961 -0.00135243
46 11 0.0310939 -0.00148248
46 12 0.0307088 -0.00156439
46 13 0.0297202 -0.0015848
46 14 0.0281008 -0.0015317
46 15 0.0258169 -0.00139636
46 16 0.0228295 -0.00117673
46 17 0.019097 -0.000883415
46 18 0.0145847 -0.000549045
46 19 0.00928468 -0.000237555
46 20 0.00325188 -3.99031e-05
46 21 0 0
46 22 0 0
46 23 0 0
46 24 0 0
46 25 0 0
46 26 0 0
46 27 0 0
46 28 0 0
46 29 0 0
46 30 0.0031891 3.74577e-05
46 31 0.00907751 0.000222285
46 32 0.014216 0.000511597
46 33 0.0185539 0.0008184
46 34 0.0221005 0.00108217
46 35 0.0248907 0.00127279
46 36 0.0269648 0.00138145
46 37 0.02836 0.00141145
46 38 0.0291079 0.00137243
46 39 0.0292332 0.00127709
46 40 0.0287534 0.00113927
46 41 0.0276792 0.000972899
46 42 0.026014 0.0007914
46 43 0.0237549 0.00060732
46 44 0.0208924 0.000432168
46 45 0.0174113 0.000276277
46 46 0.0132905 0.000148765
46 47 0.00850344 5.74466e-05
46 48 0.0030185 8.79416e-06
46 49 0 0

47 0 0 0
47 1 0.00307648 -5.94922e-06
47 2 0.00869132 -3.93619e-05
47 3 0.0136243 -0.000103422
47 4 0.0179062 -0.000194825
47 5 0.0215633 -0.000308929
47 6 0.0246166 -0.00043984
47 7 0.0270821 -0.000580454
47 8 0.0289703 -0.000722578
47 9 0.0302859 -0.000857027
47 10 0.0310275 -0.000973847
47 11 0.0311879 -0.00106258
47 12 0.0307533 -0.00111277
47 13 0.0297042 -0.00111468
47 14 0.0280157 -0.00106053
47 15 0.0256591 -0.000946425
47 16 0.0226046 -0.000775337
47 17 0.0188258 -0.000561202
47 18 0.0143099 -0.000333174
47 19 0.00907128 -0.000136214
47 20 0.00316815 -2.11539e-05
47 21 0 0
47 22 0 0
47 23 0 0
47 24 0 0
47 25 0 0
47 26 0 0
47 27 0 0
47 28 0 0
47 29 0 0
47 30 0.00311096 1.95717e-05
47 31 0.00887931 0.000125961
47 32 0.0139631 0.000307234
47 33 0.0183081 0.000514925
47 34 0.0219019 0.000706516
47 35 0.024758 0.000854934
47 36 0.0269021 0.000947869
47 37 0.0283628 0.000983571
47 38 0.0291668 0.00096684
47 39 0.0293365 0.000906099
47 40 0.0288887 0.000811537
47 41 0.0278341 0.000693902
47 42 0.0261767 0.000563795
47 43 0.0239145 0.000431183
47 44 0.0210391 0.000305136
47 45 0.0175363 0.000193594
47 46 0.0133864 0.000103261
47 47 0.00856433 3.94498e-05
47 48 0.00303975 5.99438e-06
47 49 0 0

48 0 0 0
48 1 0.00308989 -3.3529e-06
48 2 0.0087312 -2.25996e-05
48 3 0.013689 -6.08582e-05
48 4 0.0179929 -0.000117202
48 5 0.0216676 -0.000189304
48 6 0.0247331 -0.000273557
48 7 0.0272042 -0.000365153
48 8 0.0290903 -0.000458259
48 9 0.0303954 -0.00054618
48 10 0.0311176 -0.000621636
48 11 0.0312494 -0.000677094
48 12 0.0307775 -0.000705292
48 13 0.0296837 -0.000699931
48 14 0.0279461 -0.000656753
48 15 0.0255407 -0.000574993
48 16 0.0224453 -0.000459347
48 17 0.0186446 -0.000321996
48 18 0.0141377 -0.000183673
48 19 0.0089469 -7.13937e-05
48 20 0.00312352 -1.0305e-05
48 21 0 0
48 22 0 0
48 23 0 0
48 24 0 0
48 25 0 0
48 26 0 0
48 27 0 0
48 28 0 0
48 29 0 0
48 30 0.00306991 9.3251e-06
48 31 0.00876512 6.49016e-05
48 32 0.0138062 0.000166857
48 33 0.0181452 0.000291332
48 34 0.0217621 0.000412889
48 35 0.0246586 0.000512321
48 36 0.0268498 0.00057876
48 37 0.0283567 0.000608568
48 38 0.0292018 0.000603316
48 39 0.0294047 0.00056784
48 40 0.0289811 0.000508819
48 41 0.0279413 0.000433708
48 42 0.0262898 0.000350066
48 43 0.0240252 0.000265031
48 44 0.02114 0.000185
48 45 0.0176213 0.000115343
48 46 0.0134505 6.02376e-05
48 47 0.00860404 2.24767e-05
48 48 0.00305314 3.3626e-06
48 49 0 0

49 0 0 0
49 1 0.00309609 -8.93807e-07
49 2 0.00875132 -6.67286e-06
49 3 0.0137238 -2.03195e-05
49 4 0.0180417 -4.31795e-05
49 5 0.0217285 -7.52247e-05
49 6 0.0248029 -0.000115181
49 7 0.0272786 -0.000160636
49 8 0.0291643 -0.00020825
49 9 0.0304631 -0.000253956
49 10 0.031173 -0.000293284
49 11 0.0312863 -0.000321681
49 12 0.0307905 -0.00033499
49 13 0.0296688 -0.000329973
49 14 0.0279015 -0.000305026
49 15 0.0254683 -0.000260946
49 16 0.0223521 -0.000201781
49 17 0.0185436 -0.000135303
49 18 0.0140472 -7.26028e-05
49 19 0.00888606 -2.57756e-05
49 20 0.00310386 -3.17176e-06
49 21 0 0
49 22 0 0
49 23 0 0
49 24 0 0
49 25 0 0
49 26 0 0
49 27 0 0
49 28 0 0
49 29 0 0
49 30 0.00305231 2.66406e-06
49 31 0.00871044 2.23416e-05
49 32 0.0137253 6.34407e-05
49 33 0.0180562 0.000118142
49 34 0.021682 0.000175206
49 35 0.024599 0.000224511
49 36 0.0268168 0.000259216
49 37 0.0283514 0.000276081
49 38 0.0292217 0.000274951
49 39 0.0294454 0.000257891
49 40 0.0290369 0.000228413
49 41 0.0280061 0.000190756
49 42 0.0263576 0.000149371
49 43 0.0240904 0.00010844
49 44 0.021198 7.15622e-05
49 45 0.0176685 4.14316e-05
49 46 0.0134845 1.96476e-05
49 47 0.00862386 6.50557e-06
49 48 0.00305927 8.94998e-07
49 49 0 0

50 0 0 0
50 1 0.00309535 1.44024e-06
50 2 0.00875249 8.4848e-06
50 3 0.0137298 1.83507e-05
50 4 0.0180541 2.75318e-05
50 5 0.0217477 3.3807e-05
50 6 0.0248281 3.61199e-05
50 7 0.0273081 3.44604e-05
50 8 0.0291954 2.96289e-05
50 9 0.0304929 2.30127e-05
50 10 0.0311982 1.626e-05
50 11 0.031304 1.0986e-05
50 12 0.0307981 8.40792e-06
50 13 0.0296649 9.06298e-06
50 14 0.0278862 1.25437e-05
50 15 0.0254436 1.74552e-05
50 16 0.0223221 2.15864e-05
50 17 0.018514 2.25303e-05
50 18 0.0140243 1.86774e-05
50 19 0.00887425 1.05885e-05
50 20 0.00310209 2.29777e-06
50 21 0 0
50 22 0 0
50 23 0 0
50 24 0 0
50 25 0 0
50 26 0 0
50 27 0 0
50 28 0 0
50 29 0 0
50 30 0.00305133 -2.40118e-06
50 31 0.00870132 -1.13606e-05
50 32 0.0137069 -2.10757e-05
50 33 0.0180325 -2.75626e-05
50 34 0.0216586 -3.00109e-05
50 35 0.0245811 -2.95853e-05
50 36 0.0268075 -2.81624e-05
50 37 0.0283522 -2.74335e-05
50 38 0.0292322 -2.83556e-05
50 39 0.0294638 -3.1032e-05
50 40 0.0290607 -3.47848e-05
50 41 0.0280323 -3.84405e-05
50 42 0.0263832 -4.06204e-05
50 43 0.0241129 -4.01089e-05
50 44 0.0212154 -3.61425e-05
50 45 0.0176798 -2.87244e-05
50 46 0.0134899 -1.88265e-05
50 47 0.00862477 -8.59571e-06
50 48 0.00305847 -1.43134e-06
50 49 0 0

51 0 0 0
51 1 0.00308812 3.67055e-06
51 2 0.00873566 2.30045e-05
51 3 0.0137083 5.54703e-05
51 4 0.0180318 9.55152e-05
51 5 0.0217272 0.000138747
51 6 0.0248109 0.000181834
51 7 0.0272948 0.000222381
51 8 0.0291862 0.000258684
51 9 0.0304875 0.000289497
51 10 0.0311962 0.000313712
51 11 0.0313052 0.00033011
51 12 0.030803 0.000337122
51 13 0.0296743 0.000332787
51 14 0.0279014 0.000314922
51 15 0.0254661 0.000281752
51 16 0.0223523 0.000232999
51 17 0.0185505 0.000171473
51 18 0.0140623 0.00010456
51 19 0.00890548 4.4688e-05
51 20 0.00311567 7.40375e-06
51 21 0 0
51 22 0 0
51 23 0 0
51 24 0 0
51 25 0 0
51 26 0 0
51 27 0 0
51 28 0 0
51 29 0 0
51 30 0.00306459 -7.13419e-06
51 31 0.00873209 -4.29948e-05
51 32 0.0137448 -0.000100667
51 33 0.0180694 -0.000165167
51 34 0.0216895 -0.000224359
51 35 0.0246042 -0.000270895
51 36 0.0268231 -0.000301821
51 37 0.0283612 -0.000317188
51 38 0.0292358 -0.000318557
51 39 0.0294627 -0.00030798
51 40 0.0290552 -0.000287427
51 41 0.0280224 -0.000258652
51 42 0.026369 -0.000223246
51 43 0.0240947 -0.000182895
51 44 0.021194 -0.000139614
51 45 0.0176569 -9.60534e-05
51 46 0.0134681 -5.56926e-05
51 47 0.00860776 -2.30353e-05
51 48 0.0030512 -3.65015e-06
51 49 0 0

52 0 0 0
52 1 0.00307453 5.82546e-06
52 2 0.00870134 3.70542e-05
52 3 0.0136602 9.14481e-05
52 4 0.0179756 0.000161517
52 5 0.0216678 0.000240803
52 6 0.0247521 0.000323796
52 7 0.0272398 0.000405822
52 8 0.0291375 0.000482783
52 9 0.0304474 0.000550925
52 10 0.0311672 0.000606522
52 11 0.0312899 0.000645666
52 12 0.0308043 0.000664114
52 13 0.0296954 0.000657432
52 14 0.027945 0.000621476
52 15 0.0255333 0.000553577
52 16 0.0224407 0.00045447
52 17 0.0186518 0.000331047
52 18 0.0141611 0.000198977
52 19 0.00898041 8.32377e-05
52 20 0.00314505 1.338e-05
52 21 0 0
52 22 0 0
52 23 0 0
52 24 0 0
52 25 0 0
52 26 0 0
52 27 0 0
52 28 0 0
52 29 0 0
52 30 0.00309255 -1.27376e-05
52 31 0.00880357 -7.91008e-05
52 32 0.013839 -0.000188895
52 33 0.0181656 -0.00031366
52 34 0.0217727 -0.000429238
52 35 0.0246664 -0.000520441
52 36 0.0268616 -0.000580582
52 37 0.0283772 -0.000608972
52 38 0.0292317 -0.000608279
52 39 0.0294418 -0.000582692
52 40 0.0290205 -0.000536813
52 41 0.0279771 -0.000475211
52 42 0.0263159 -0.000402312
52 43 0.0240368 -0.000322558
52 44 0.0211349 -0.000240614
52 45 0.0176006 -0.000161655
52 46 0.0134198 -9.15542e-05
52 47 0.00857334 -3.70603e-05
52 48 0.00303759 -5.80262e-06
52 49 0 0

53 0 0 0
53 1 0.00305486 7.9326e-06
53 2 0.00865008 5.08053e-05
53 3 0.013586 0.000126703
53 4 0.0178864 0.000226302
53 5 0.0215703 0.000341202
53 6 0.0246524 0.000463859
53 7 0.0271432 0.000587476
53 8 0.029049 0.000705746
53 9 0.0303718 0.000812603
53 10 0.0311094 0.000901918
53 11 0.0312552 0.00096729
53 12 0.0307984 0.00100192
53 13 0.0297237 0.000998821
53 14 0.0280122 0.000951438
53 15 0.0256412 0.000855112
53 16 0.0225856 0.000709674
53 17 0.0188205 0.000523615
53 18 0.0143278 0.000319148
53 19 0.00910774 0.000135279
53 20 0.00319486 2.20727e-05
53 21 0 0
53 22 0 0
53 23 0 0
53 24 0 0
53 25 0 0
53 26 0 0
53 27 0 0
53 28 0 0
53 29 0 0
53 30 0.00313983 -2.10141e-05
53 31 0.0089244 -0.000128499
53 32 0.0139966 -0.000302539
53 33 0.018324 -0.000494809
53 34 0.0219069 -0.000667665
53 35 0.0247637 -0.000799764
53 36 0.0269186 -0.000883106
53 37 0.0283957 -0.000918128
53 38 0.0292165 -0.000909675
53 39 0.0293985 -0.000864517
53 40 0.0289552 -0.000789959
53 41 0.0278954 -0.000693272
53 42 0.0262234 -0.000581517
53 43 0.0239393 -0.000461681
53 44 0.0210384 -0.000340875
53 45 0.0175117 -0.000226614
53 46 0.0133456 -0.000127006
53 47 0.00852198 -5.09133e-05
53 48 0.0030179 -7.92781e-06
53 49 0 0

54 0 0 0
54 1 0.00302911 1.00166e-05
54 2 0.00858203 6.44038e-05
54 3 0.0134861 0.00016159
54 4 0.0177643 0.000290516
54 5 0.0214347 0.000440979
54 6 0.0245113 0.000603576
54 7 0.0270041 0.000769595
54 8 0.028919 0.000930757
54 9 0.030258 0.00107896
54 10 0.031019 0.00120596
54 11 0.0311959 0.00130313
54 12 0.0307782 0.00136134
54 13 0.029751 0.00137105
54 14 0.0280941 0.00132284
54 15 0.0257822 0.00120879
54 16 0.0227835 0.00102519
54 17 0.0190608 0.000777732
54 18 0.0145761 0.000490468
54 19 0.00930624 0.000216315
54 20 0.00327607 3.71822e-05
54 21 0 0
54 22 0 0
54 23 0 0
54 24 0 0
54 25 0 0
54 26 0 0
54 27 0 0
54 28 0 0
54 29 0 0
54 30 0.00321716 -3.55793e-05
54 31 0.009113 -0.000206323
54 32 0.0142313 -0.000466358
54 33 0.0185488 -0.000736412
54 34 0.0220888 -0.000965465
54 35 0.0248889 -0.00113061
54 36 0.0269853 -0.00122683
54 37 0.0284087 -0.00125825
54 38 0.0291833 -0.00123315
54 39 0.0293277 -0.00116129
54 40 0.0288553 -0.00105268
54 41 0.0277747 -0.000917082
54 42 0.0260901 -0.000763903
54 43 0.0238013 -0.000602387
54 44 0.020904 -0.000441821
54 45 0.0173897 -0.000291824
54 46 0.0132454 -0.000162539
54 47 0.0084536 -6.47953e-05
54 48 0.00299203 -1.00593e-05
54 49 0 0

55 0 0 0
55 1 0.00299743 1.20924e-05
55 2 0.00849743 7.79427e-05
55 3 0.0133607 0.000196334
55 4 0.0176094 0.000354566
55 5 0.0212609 0.000540783
55 6 0.0243284 0.000743924
55 7 0.0268213 0.000953602
55 8 0.0287452 0.00115985
55 9 0.0301022 0.00135285
55 10 0.0308905 0.0015226
55 11 0.0311045 0.00165867
55 12 0.0307343 0.00174994
55 13 0.0297654 0.00178458
55 14 0.0281775 0.00175029
55 15 0.025943 0.00163512
55 16 0.0230252 0.00142945
55 17 0.0193742 0.00113058
55 18 0.014925 0.000753547
55 19 0.00961019 0.000356832
55 20 0.00341385 6.74093e-05
55 21 0 0
55 22 0 0
55 23 0 0
55 24 0 0
55 25 0 0
55 26 0 0
55 27 0 0
55 28 0 0
55 29 0 0
55 30 0.00334922 -6.49346e-05
55 31 0.00940294 -0.000342333
55 32 0.0145616 -0.000719938
55 33 0.0188415 -0.00107462
55 34 0.0223094 -0.00135018
55 35 0.0250291 -0.00153275
55 36 0.0270491 -0.00162576
55 37 0.028405 -0.00163933
55 38 0.0291231 -0.00158589
55 39 0.0292223 -0.00147821
55 40 0.0287157 -0.00132873
55 41 0.0276114 -0.00114933
55 42 0.0259134 -0.00095137
55 43 0.0236214 -0.000745994
55 44 0.0207311 -0.000544334
55 45 0.0172344 -0.000357836
55 46 0.0131191 -0.000198458
55 47 0.00836823 -7.88308e-05
55 48 0.00296005 -1.22169e-05
55 49 0 0

56 0 0 0
56 1 0.0029597 1.41648e-05
56 2 0.00839619 9.14451e-05
56 3 0.0132097 0.000230985
56 4 0.0174215 0.000418535
56 5 0.0210483 0.000640747
56 6 0.0241024 0.000885106
56 7 0.0265927 0.00113981
56 8 0.0285245 0.0013935
56 9 0.0298999 0.00163501
56 10 0.0307174 0.00185299
56 11 0.0309721 0.00203565
56 12 0.0306549 0.00217045
56 13 0.0297521 0.00224387
56 14 0.0282439 0.00224138
56 15 0.0261028 0.0021475
56 16 0.0232895 0.0019464
56 17 0.0197469 0.0016237
56 18 0.015388 0.00117307
56 19 0.0100739 0.000620406
56 20 0.00366617 0.000136051
56 21 0 0
56 22 0 0
56 23 0 0
56 24 0 0
56 25 0 0
56 26 0 0
56 27 0 0
56 28 0 0
56 29 0 0
56 30 0.00359265 -0.000131846
56 31 0.00984726 -0.000598582
56 32 0.0150005 -0.0011263
56 33 0.0191887 -0.00154974
56 34 0.0225482 -0.00184485
56 35 0.025164 -0.00201892
56 36 0.0270921 -0.00208698
56 37 0.0283701 -0.00206543
56 38 0.0290245 -0.0019703
56 39 0.0290738 -0.00181677
56 40 0.0285301 -0.00161905
56 41 0.0274013 -0.00139062
56 42 0.0256905 -0.00114432
56 43 0.0233976 -0.000892762
56 44 0.0205184 -0.000648582
56 45 0.0170452 -0.000424757
56 46 0.0129662 -0.000234823
56 47 0.00826551 -9.30473e-05
56 48 0.00292173 -1.44063e-05
56 49 0 0

57 0 0 0
57 1 0.00291607 1.62246e-05
57 2 0.00827852 0.000104853
57 3 0.0130333 0.000265393
57 4 0.0172007 0.00048214
57 5 0.0207966 0.00074041
57 6 0.0238325 0.00102645
57 7 0.0263167 0.00132728
57 8 0.0282541 0.00163045
57 9 0.0296468 0.00192378
57 10 0.0304936 0.00219499
57 11 0.0307901 0.0024314
57 12 0.0305282 0.00261961
57 13 0.0296952 0.00274525
57 14 0.0282726 0.00279263
57 15 0.0262342 0.00274457
57 16 0.023542 0.00258186
57 17 0.0201393 0.00228232
57 18 0.0159337 0.0018187
57 19 0.0107595 0.00115983
57 20 0.00417988 0.00030488
57 21 0 0
57 22 0 0
57 23 0 0
57 24 0 0
57 25 0 0
57 26 0 0
57 27 0 0
57 28 0 0
57 29 0 0
57 30 0.00409097 -0.000296655
57 31 0.0105066 -0.00112421
57 32 0.0155174 -0.00175304
57 33 0.0195516 -0.00218587
57 34 0.0227715 -0.00245465
57 35 0.0252673 -0.00258732
57 36 0.0270942 -0.00260669
57 37 0.0282888 -0.00253261
57 38 0.0288762 -0.00238295
57 39 0.0288738 -0.00217414
57 40 0.0282927 -0.00192144
57 41 0.0271401 -0.00163926
57 42 0.0254188 -0.00134148
57 43 0.0231283 -0.00104177
57 44 0.020265 -0.00075394
57 45 0.0168214 -0.000492197
57 46 0.0127867 -0.000271427
57 47 0.00814543 -0.000107363
57 48 0.00287714 -1.66142e-05
57 49 0 0

58 0 0 0
58 1 0.00286648 1.82513e-05
58 2 0.00814448 0.000118032
58 3 0.0128316 0.000299212
58 4 0.0169471 0.000544736
58 5 0.0205058 0.000838736
58 6 0.0235182 0.0011664
58 7 0.025992 0.00151383
58 8 0.0279317 0.00186773
58 9 0.0293392 0.00221518
58 10 0.0302135 0.00254328
58 11 0.0305507 0.00283885
58 12 0.0303436 0.00308808
58 13 0.0295805 0.00327624
58 14 0.0282444 0.0033874
58 15 0.0263106 0.00340424
58 16 0.0237434 0.00330776
58 17 0.02049 0.00307656
58 18 0.0164689 0.00268332
58 19 0.0115282 0.0020774
58 20 0.00537843 0.0011195
58 21 0 0
58 22 0 0
58 23 0 0
58 24 0 0
58 25 0 0
58 26 0 0
58 27 0 0
58 28 0 0
58 29 0 0
58 30 0.00525785 -0.00109286
58 31 0.0112444 -0.00201842
58 32 0.0160208 -0.00259242
58 33 0.0198702 -0.0029531
58 34 0.0229411 -0.00315154
58 35 0.0253129 -0.00321584
58 36 0.0270369 -0.00316818
58 37 0.0281475 -0.00302832
58 38 0.0286682 -0.00281442
58 39 0.028615 -0.00254326
58 40 0.0279983 -0.00223056
58 41 0.0268244 -0.00189129
58 42 0.0250959 -0.00153996
58 43 0.0228123 -0.00119098
58 44 0.0199702 -0.000859021
58 45 0.0165629 -0.000559288
58 46 0.0125802 -0.000307799
58 47 0.00800781 -0.000121593
58 48 0.00282612 -1.8812e-05
58 49 0 0

59 0 0 0
59 1 0.00281118 2.02121e-05
59 2 0.0079946 0.000130777
59 3 0.0126053 0.000331925
59 4 0.0166614 0.000605359
59 5 0.0201764 0.00093418
59 6 0.0231598 0.0013027
59 7 0.0256185 0.00169626
59 8 0.0275563 0.00210093
59 9 0.0289751 0.00250328
59 10 0.0298738 0.00288998
59 11 0.0302491 0.00324752
59 12 0.0300943 0.0035618
59 13 0.029399 0.00381776
59 14 0.0281475 0.00399898
59 15 0.0263168 0.00408734
59 16 0.0238726 0.00406275
59 17 0.0207641 0.00390339
59 18 0.0169128 0.00358667
59 19 0.0122064 0.00308702
59 20 0.00638739 0.00232278
59 21 0.00120924 0.000611977
59 22 0 0
59 23 0 0
59 24 0 0
59 25 0 0
59 26 0 0
59 27 0 0
59 28 0 0
59 29 0.00118211 -0.000598941
59 30 0.00623618 -0.00226693
59 31 0.0118908 -0.00300015
59 32 0.0164319 -0.00346728
59 33 0.0201106 -0.00375
59 34 0.0230367 -0.00387496
59 35 0.0252864 -0.00386572
59 36 0.0269092 -0.00374497
59 37 0.0279378 -0.00353363
59 38 0.0283942 -0.00325075
59 39 0.0282931 -0.00291371
59 40 0.027644 -0.00253866
59 41 0.0264525 -0.00214095
59 42 0.0247211 -0.00173554
59 43 0.0224494 -0.00133738
59 44 0.0196343 -0.000961788
59 45 0.0162701 -0.000624756
59 46 0.0123474 -0.000343252
59 47 0.00785308 -0.000135463
59 48 0.0027689 -2.09559e-05
59 49 0 0

60 0 0 0
60 1 0.0027503 2.20677e-05
60 2 0.00782941 0.000142833
60 3 0.0123554 0.000362887
60 4 0.0163448 0.000662819
60 5 0.0198096 0.00102483
60 6 0.0227583 0.00143251
60 7 0.0251967 0.00187059
60 8 0.0271282 0.00232466
60 9 0.028554 0.00278088
60 10 0.0294734 0.0032256
60 11 0.0298831 0.003645
60 12 0.0297776 0.0040246
60 13 0.0291477 0.00434865
60 14 0.0279798 0.00459927
60 15 0.0262538 0.00475505
60 16 0.0239404 0.00478857
60 17 0.0209965 0.0046612
60 18 0.0173614 0.00431055
60 19 0.0129584 0.00361857
60 20 0.00790504 0.00231001
60 21 0.0026532 0.000596387
60 22 0 0
60 23 0 0
60 24 0 0
60 25 0 0
60 26 0 0
60 27 0 0
60 28 0 0
60 29 0.00259263 -0.000582244
60 30 0.00770855 -0.00224979
60 31 0.0126065 -0.00351191
60 32 0.0168445 -0.004164
60 33 0.0203071 -0.00447686
60 34 0.0230692 -0.00456758
60 35 0.0251894 -0.00449865
60 36 0.0267094 -0.00430928
60 37 0.0276573 -0.00402764
60 38 0.0280521 -0.00367601
60 39 0.0279066 -0.00327332
60 40 0.027229 -0.00283647
60 41 0.0260244 -0.00238128
60 42 0.0242949 -0.0019231
60 43 0.0220403 -0.00147732
60 44 0.0192583 -0.00105976
60 45 0.0159439 -0.000687043
60 46 0.0120889 -0.00037694
60 47 0.00768171 -0.000148638
60 48 0.00270555 -2.29934e-05
60 49 0 0

61 0 0 0
61 1 0.00268433 2.37733e-05
61 2 0.00765007 0.00015392
61 3 0.0120834 0.00039139
61 4 0.0159991 0.000715797
61 5 0.0194075 0.00110859
61 6 0.022316 0.00155274
61 7 0.0247291 0.00203251
61 8 0.0266495 0.00253307
61 9 0.028078 0.00304026
61 10 0.0290139 0.00354013
61 11 0.0294545 0.00401856
61 12 0.029395 0.00446061
61 13 0.0288284 0.00484971
61 14 0.0277443 0.00516633
61 15 0.0261284 0.00538583
61 16 0.0239614 0.00547451
61 17 0.0212199 0.00538244
61 18 0.0178813 0.00503057
61 19 0.0139552 0.00429176
61 20 0.00949799 0.00304198
61 21 0.00444818 0.00132556
61 22 0 0
61 23 0 0
61 24 0 0
61 25 0 0
61 26 0 0
61 27 0 0
61 28 0 0
61 29 0.00434248 -0.0012932
61 30 0.00925097 -0.00295883
61 31 0.0135581 -0.00415962
61 32 0.0173236 -0.00485405
61 33 0.0204919 -0.00516509
61 34 0.0230531 -0.0052186
61 35 0.0250287 -0.00509333
61 36 0.026441 -0.00483949
61 37 0.0273082 -0.00449142
61 38 0.0276438 -0.00407462
61 39 0.0274574 -0.00360965
61 40 0.0267556 -0.00311429
61 41 0.0255423 -0.00260488
61 42 0.0238196 -0.00209715
61 43 0.0215876 -0.00160685
61 44 0.0188446 -0.00115023
61 45 0.0155865 -0.000744451
61 46 0.0118066 -0.000407943
61 47 0.00749493 -0.000160751
61 48 0.00263662 -2.48662e-05
61 49 0 0

62 0 0 0
62 1 0.00261364 2.52852e-05
62 2 0.00745777 0.000163755
62 3 0.0117913 0.000416715
62 4 0.0156269 0.000762968
62 5 0.0189732 0.00118333
62 6 0.0218361 0.00166029
62 7 0.024219 0.00217768
62 8 0.0261237 0.00272036
62 9 0.0275508 0.00327384
62 10 0.0284993 0.00382392
62 11 0.028967 0.00435616
62 12 0.0289505 0.00485525
62 13 0.0284451 0.00530403
62 14 0.0274444 0.00568213
62 15 0.025941 0.00596379
62 16 0.0239274 0.00611455
62 17 0.0213988 0.00608693
62 18 0.0183606 0.00581698
62 19 0.0148321 0.00523523
62 20 0.0108173 0.00430412
62 21 0.00605664 0.00303103
62 22 0.0013417 0.000825902
62 23 0 0
62 24 0 0
62 25 0 0
62 26 0 0
62 27 0 0
62 28 0.00131 -0.000807111
62 29 0.005905 -0.0029552
62 30 0.0105214 -0.00418268
62 31 0.0143887 -0.00506788
62 32 0.0177599 -0.0056054
62 33 0.0206305 -0.0058336
62 34 0.022981 -0.00582183
62 35 0.0248055 -0.00563399
62 36 0.0261079 -0.00531784
62 37 0.0268951 -0.00490843
62 38 0.0271739 -0.00443236
62 39 0.02695 -0.00391104
62 40 0.0262278 -0.00336286
62 41 0.0250103 -0.00280458
62 42 0.0232992 -0.00225228
62 43 0.0210949 -0.00172206
62 44 0.0183963 -0.00123053
62 45 0.0152006 -0.000795297
62 46 0.0115026 -0.00043535
62 47 0.00729407 -0.000171442
62 48 0.00256252 -2.65179e-05
62 49 0 0

63 0 0 0
63 1 0.00253898 2.6562e-05
63 2 0.00725433 0.000172076
63 3 0.0114817 0.000438202
63 4 0.0152315 0.000803103
63 5 0.0185106 0.00124711
63 6 0.0213231 0.00175229
63 7 0.0236714 0.00230216
63 8 0.0255564 0.00288124
63 9 0.0269781 0.00347478
63 10 0.0279356 0.0040683
63 11 0.0284273 0.00464709
63 12 0.0284509 0.00519557
63 13 0.0280041 0.00569641
63 14 0.0270846 0.00612931
63 15 0.0256913 0.00646936
63 16 0.0238259 0.00668494
63 17 0.0214961 0.00673562
63 18 0.018718 0.00657146
63 19 0.0155129 0.0061323
63 20 0.0118822 0.00532829
63 21 0.0078989 0.0039033
63 22 0.00376005 0.00171344
63 23 0 0
63 24 0 0
63 25 0 0
63 26 0 0
63 27 0 0
63 28 0.00366957 -0.00167166
63 29 0.00768985 -0.00379845
63 30 0.0115388 -0.00516872
63 31 0.0150241 -0.00592568
63 32 0.0180743 -0.00632091
63 33 0.0206872 -0.00644357
63 34 0.0228412 -0.00635369
63 35 0.0245199 -0.00610136
63 36 0.0257153 -0.00572734
63 37 0.0264249 -0.00526387
63 38 0.0266497 -0.0047367
63 39 0.0263915 -0.0041672
63 40 0.0256525 -0.00357394
63 41 0.0244346 -0.00297396
63 42 0.0227392 -0.00238365
63 43 0.0205671 -0.00181942
63 44 0.0179179 -0.00129823
63 45 0.01479 -0.000838054
63 46 0.0111798 -0.000458332
63 47 0.0070812 -0.000180383
63 48 0.00248411 -2.78965e-05
63 49 0 0

64 0 0 0
64 1 0.00246094 2.75702e-05
64 2 0.00704158 0.000178666
64 3 0.0111575 0.000455294
64 4 0.0148167 0.000835173
64 5 0.0180241 0.00129827
64 6 0.0207822 0.00182635
64 7 0.0230921 0.00240261
64 8 0.0249539 0.00301132
64 9 0.0263671 0.00363741
64 10 0.0273307 0.00426612
64 11 0.0278436 0.00488248
64 12 0.0279048 0.00547075
64 13 0.027514 0.00601366
64 14 0.0266723 0.00649155
64 15 0.0253833 0.00688134
64 16 0.0236551 0.00715554
64 17 0.0215022 0.00728184
64 18 0.0189479 0.00722326
64 19 0.016025 0.00693747
64 20 0.0127886 0.00636991
64 21 0.00932937 0.00549271
64 22 0.00557563 0.00439743
64 23 0.00161048 0.00251854
64 24 0.000476078 0.000607361
64 25 0 0
64 26 0.000464875 -0.000590825
64 27 0.00157061 -0.00245722
64 28 0.00543126 -0.0042819
64 29 0.00906663 -0.00533242
64 30 0.0123968 -0.00616346
64 31 0.0154918 -0.0066867
64 32 0.0182622 -0.00693037
64 33 0.0206534 -0.00694881
64 34 0.0226328 -0.00678448
64 35 0.0241769 -0.00647464
64 36 0.025271 -0.0060521
64 37 0.0259068 -0.005545
64 38 0.0260804 -0.00497729
64 39 0.0257906 -0.00436972
64 40 0.0250377 -0.00374081
64 41 0.0238226 -0.00310778
64 42 0.0221465 -0.00248729
64 43 0.0200104 -0.00189605
64 44 0.0174147 -0.00135134
64 45 0.0143591 -0.000871466
64 46 0.0108417 -0.00047621
64 47 0.00685847 -0.000187306
64 48 0.00240209 -2.89609e-05
64 49 0 0

65 0 0 0
65 1 0.00238049 2.82846e-05
65 2 0.00682187 0.000183365
65 3 0.0108222 0.000467584
65 4 0.014387 0.000858413
65 5 0.0175191 0.0013356
65 6 0.0202195 0.00188068
65 7 0.0224881 0.00247661
65 8 0.024324 0.00310736
65 9 0.0257263 0.00375758
65 10 0.0266939 0.00441217
65 11 0.0272261 0.00505587
65 12 0.0273231 0.00567274
65 13 0.0269862 0.00624559
65 14 0.0262191 0.00675533
65 15 0.0250287 0.00718043
65 16 0.0234267 0.00749649
65 17 0.0214314 0.00767622
65 18 0.0190694 0.00768967
65 19 0.0163782 0.00750437
65 20 0.0134081 0.00708909
65 21 0.0102062 0.00641648
65 22 0.00685831 0.00537781
65 23 0.00377052 0.00372875
65 24 0.00205437 0.0018597
65 25 0.00102998 3.76296e-05
65 26 0.0020116 -0.00177456
65 27 0.00367578 -0.00360393
65 28 0.00666818 -0.00520546
65 29 0.00989987 -0.00620097
65 30 0.012973 -0.00683211
65 31 0.0158031 -0.00720662
65 32 0.0183435 -0.00735236
65 33 0.0205444 -0.00730089
65 34 0.0223683 -0.00708503
65 35 0.0237888 -0.00673516
65 36 0.0247876 -0.00627916
65 37 0.0253528 -0.00574215
65 38 0.0254774 -0.00514658
65 39 0.025158 -0.00451261
65 40 0.0243933 -0.00385872
65 41 0.0231833 -0.00320232
65 42 0.021529 -0.00256036
65 43 0.0194317 -0.00194988
65 44 0.0168928 -0.00138844
65 45 0.013913 -0.000894637
65 46 0.0104922 -0.000488503
65 47 0.00662858 -0.000192022
65 48 0.00231757 -2.9681e-05
65 49 0 0

66 0 0 0
66 1 0.00229835 2.86919e-05
66 2 0.00659742 0.000186081
66 3 0.0104793 0.000474833
66 4 0.0139469 0.000872379
66 5 0.0170012 0.00135838
66 6 0.0196415 0.00191424
66 7 0.0218666 0.0025227
66 8 0.0236748 0.00316748
66 9 0.0250647 0.00383289
66 10 0.0260352 0.00450346
66 11 0.0265859 0.00516358
66 12 0.026718 0.00579698
66 13 0.0264342 0.00638632
66 14 0.0257402 0.00691268
66 15 0.0246453 0.00735515
66 16 0.0231637 0.00769051
66 17 0.0213165 0.00789295
66 18 0.0191329 0.00793375
66 19 0.016653 0.00778056
66 20 0.0139298 0.00739444
66 21 0.0110436 0.00671443
66 22 0.00815863 0.00564082
66 23 0.00561534 0.00408689
66 24 0.0039283 0.00219716
66 25 0.00318975 7.90882e-05
66 26 0.00386478 -0.00202969
66 27 0.00547899 -0.00389241
66 28 0.00792651 -0.00540882
66 29 0.0106971 -0.00644382
66 30 0.0134552 -0.00708582
66 31 0.0160392 -0.00743453
66 32 0.0183695 -0.00755112
66 33 0.0203935 -0.00747497
66 34 0.0220714 -0.00723888
66 35 0.023374 -0.00687213
66 36 0.0242806 -0.00640116
66 37 0.0247768 -0.00585001
66 38 0.0248534 -0.00524051
66 39 0.0245052 -0.00459267
66 40 0.0237296 -0.00392512
66 41 0.0225259 -0.00325558
66 42 0.020895 -0.00260134
66 43 0.0188386 -0.00197977
66 44 0.0163586 -0.00140875
66 45 0.013457 -0.000907082
66 46 0.0101354 -0.000494952
66 47 0.00639411 -0.000194432
66 48 0.00223142 -3.00427e-05
66 49 0 0

67 0 0 0
67 1 0.00221557 2.8789e-05
67 2 0.00637078 0.000186796
67 3 0.0101326 0.000476987
67 4 0.0135014 0.000876958
67 5 0.0164763 0.00136643
67 6 0.0190551 0.00192675
67 7 0.0212355 0.00254053
67 8 0.0230151 0.00319122
67 9 0.024392 0.00386281
67 10 0.0253652 0.00453943
67 11 0.0259347 0.005205
67 12 0.0261025 0.00584282
67 13 0.0258726 0.00643514
67 14 0.0252524 0.00696274
67 15 0.0242533 0.0074045
67 16 0.0228921 0.00773695
67 17 0.0211928 0.00793367
67 18 0.0191887 0.0079644
67 19 0.0169256 0.00779313
67 20 0.0144698 0.00737396
67 21 0.0119256 0.00664655
67 22 0.00946578 0.00554374
67 23 0.00735632 0.00403135
67 24 0.005924 0.00217929
67 25 0.00536027 0.0001187
67 26 0.00584447 -0.00193483
67 27 0.00719006 -0.00376659
67 28 0.00919858 -0.00524984
67 29 0.011543 -0.00631983
67 30 0.0139594 -0.00701341
67 31 0.0162764 -0.00739873
67 32 0.0183907 -0.00753669
67 33 0.0202367 -0.00747366
67 34 0.0217686 -0.00724623
67 35 0.0229534 -0.00688527
67 36 0.0237674 -0.0064179
67 37 0.0241939 -0.00586843
67 38 0.0242218 -0.00525892
67 39 0.0238443 -0.00460971
67 40 0.0230575 -0.0039398
67 41 0.0218604 -0.00326734
67 42 0.0202536 -0.00261003
67 43 0.0182388 -0.0019856
67 44 0.0158188 -0.00141218
67 45 0.0129967 -0.000908745
67 46 0.00977569 -0.000495532
67 47 0.00615804 -0.00019453
67 48 0.00214484 -3.00448e-05
67 49 0 0

68 0 0 0
68 1 0.0021329 2.8585e-05
68 2 0.00614424 0.000185561
68 3 0.00978558 0.00047417
68 4 0.0130551 0.000872369
68 5 0.01595 0.00136008
68 6 0.0184668 0.00191871
68 7 0.0206022 0.00253077
68 8 0.0223531 0.00317951
68 9 0.0237173 0.00384861
68 10 0.024694 0.00452178
68 11 0.0252836 0.00518246
68 12 0.0254888 0.00581342
68 13 0.025315 0.00639637
68 14 0.0247713 0.00691154
68 15 0.0238711 0.00733719
68 16 0.0226341 0.00764914
68 17 0.0210877 0.00782004
68 18 0.0192699 0.00781838
68 19 0.0172338 0.00760714
68 20 0.0150552 0.00714262
68 21 0.0128453 0.00637678
68 22 0.0107635 0.00526914
68 23 0.00901947 0.00381281
68 24 0.0078409 0.002068
68 25 0.00738863 0.00015549
68 26 0.00774907 -0.00175155
68 27 0.00883055 -0.00348079
68 28 0.0104677 -0.00491404
68 29 0.0124317 -0.00599433
68 30 0.0145129 -0.00673082
68 31 0.0165528 -0.00716536
68 32 0.0184408 -0.00734683
68 33 0.0201016 -0.00731957
68 34 0.0214825 -0.00712124
68 35 0.0225456 -0.00678403
68 36 0.0232639 -0.00633602
68 37 0.0236182 -0.00580228
68 38 0.0235952 -0.00520547
68 39 0.0231866 -0.00456646
68 40 0.0223876 -0.00390481
68 41 0.0211963 -0.00323912
68 42 0.019613 -0.00258755
68 43 0.0176398 -0.00196815
68 44 0.0152799 -0.00139927
68 45 0.0125375 -0.000899982
68 46 0.00941711 -0.000490443
68 47 0.00592297 -0.000192398
68 48 0.0020587 -2.97015e-05
68 49 0 0

69 0 0 0
69 1 0.00205133 2.80979e-05
69 2 0.00592025 0.000182491
69 3 0.00944207 0.000466666
69 4 0.0126129 0.00085913
69 5 0.0154281 0.00134014
69 6 0.0178833 0.00189127
69 7 0.019974 0.00249503
69 8 0.0216969 0.00313452
69 9 0.0230496 0.00379315
69 10 0.0240312 0.00445427
69 11 0.0246428 0.00510087
69 12 0.024888 0.00571522
69 13 0.0247734 0.0062785
69 14 0.0243098 0.00677042
69 15 0.0235128 0.00716875
69 16 0.0224049 0.0074489
69 17 0.0210168 0.00758338
69 18 0.0193909 0.00754128
69 19 0.0175849 0.00728817
69 20 0.0156783 0.00678739
69 21 0.0137785 0.00600492
69 22 0.0120248 0.00492028
69 23 0.0105822 0.00354359
69 24 0.00961485 0.00193218
69 25 0.00924197 0.000189246
69 26 0.00951349 -0.00154944
69 27 0.0103756 -0.00314864
69 28 0.0117059 -0.00450685
69 29 0.0133386 -0.00556884
69 30 0.0151083 -0.00632631
69 31 0.0168759 -0.00680108
69 32 0.0185342 -0.00702813
69 33 0.0200042 -0.0070449
69 34 0.0212285 -0.00688651
69 35 0.0221652 -0.00658461
69 36 0.0227836 -0.00616746
69 37 0.023062 -0.00566052
69 38 0.0229851 -0.00508695
69 39 0.0225429 -0.00446815
69 40 0.0217296 -0.00382412
69 41 0.0205424 -0.00317395
69 42 0.0189815 -0.00253615
69 43 0.0170489 -0.00192905
69 44 0.0147483 -0.00137116
69 45 0.0120848 -0.000881513
69 46 0.00906386 -0.000480083
69 47 0.00569169 -0.000188197
69 48 0.00197412 -2.90378e-05
69 49 0 0

70 0 0 0
70 1 0.0019715 2.73552e-05
70 2 0.00570082 0.000177756
70 3 0.00910516 0.000454898
70 4 0.0121787 0.000838011
70 5 0.0149156 0.00130783
70 6 0.0173102 0.00184619
70 7 0.0193576 0.0024357
70 8 0.0210538 0.00305943
70 9 0.0223965 0.00370058
70 10 0.0233851 0.00434225
70 11 0.0240211 0.00496708
70 12 0.0243091 0.00555698
70 13 0.024257 0.00609279
70 14 0.0238771 0.00655394
70 15 0.0231872 0.00691815
70 16 0.0222121 0.00716112
70 17 0.0209852 0.00725637
70 18 0.0195516 0.00717536
70 19 0.0179708 0.0068884
70 20 0.0163206 0.0063672
70 21 0.0146996 0.00559003
70 22 0.0132262 0.00455039
70 23 0.0120298 0.00326769
70 24 0.0112317 0.0017955
70 25 0.0109186 0.000219799
70 26 0.0111229 -0.00135255
70 27 0.0118092 -0.00281506
70 28 0.0128884 -0.00408286
70 29 0.0142378 -0.00510385
70 30 0.015727 -0.00586002
70 31 0.0172376 -0.00635909
70 32 0.018671 -0.00662375
70 33 0.0199498 -0.00668312
70 34 0.0210146 -0.00656763
70 35 0.021821 -0.00630659
70 36 0.0223357 -0.00592726
70 37 0.0225346 -0.00545481
70 38 0.0224005 -0.00491247
70 39 0.0219218 -0.00432184
70 40 0.0210917 -0.00370323
70 41 0.0199066 -0.00307603
70 42 0.0183662 -0.002459
70 43 0.0164725 -0.00187063
70 44 0.0142296 -0.00132944
70 45 0.011643 -0.000854359
70 46 0.00871944 -0.00046501
70 47 0.00546643 -0.000182149
70 48 0.00189184 -2.809e-05
70 49 0 0

71 0 0 0
71 1 0.00189425 2.63891e-05
71 2 0.00548801 0.000171565
71 3 0.00877797 0.000439394
71 4 0.0117568 0.000809975
71 5 0.0144173 0.00126465
71 6 0.0167531 0.00178565
71 7 0.0187588 0.00235578
71 8 0.0204301 0.00295816
71 9 0.0217648 0.00357597
71 10 0.0227625 0.00419215
71 11 0.0234254 0.00478919
71 12 0.0237589 0.00534885
71 13 0.0237721 0.00585188
71 14 0.0234788 0.00627787
71 15 0.0228985 0.00660499
71 16 0.0220575 0.00680999
71 17 0.0209912 0.00686835
71 18 0.0197453 0.00675496
71 19 0.0183785 0.00644561
71 20 0.0169638 0.00591982
71 21 0.0155889 0.0051655
71 22 0.0143528 0.00418514
71 23 0.0133577 0.00300241
71 24 0.0126951 0.00166595
71 25 0.0124285 0.000247046
71 26 0.0125804 -0.00116919
71 27 0.0131259 -0.00249794
71 28 0.0139997 -0.00366865
71 29 0.0151088 -0.00463376
71 30 0.0163503 -0.00537071
71 31 0.0176248 -0.00587805
71 32 0.0188445 -0.00616879
71 33 0.0199366 -0.00626423
71 34 0.0208427 -0.00618935
71 35 0.0215174 -0.00597004
71 36 0.021926 -0.0056316
71 37 0.0220425 -0.00519813
71 38 0.0218483 -0.00469237
71 39 0.0213305 -0.00413576
71 40 0.020481 -0.00354862
71 41 0.0192956 -0.00295039
71 42 0.0177734 -0.00235991
71 43 0.0159165 -0.00179566
71 44 0.0137289 -0.00127606
71 45 0.0112166 -0.000819754
71 46 0.00838723 -0.000445901
71 47 0.00524946 -0.000174526
71 48 0.00181278 -2.68998e-05
71 49 0 0

72 0 0 0
72 1 0.00182004 2.52374e-05
72 2 0.00528331 0.000164155
72 3 0.00846289 0.000420749
72 4 0.0113501 0.000776115
72 5 0.013937 0.00121232
72 6 0.0162163 0.0017121
72 7 0.0181824 0.00225859
72 8 0.0198309 0.0028351
72 9 0.0211597 0.0034249
72 10 0.0221686 0.00401098
72 11 0.0228606 0.00457586
72 12 0.0232419 0.0051014
72 13 0.0233224 0.00556864
72 14 0.0231172 0.00595766
72 15 0.0226469 0.00624762
72 16 0.021939 0.00641685
72 17 0.0210291 0.00644343
72 18 0.0199623 0.00630603
72 19 0.0187945 0.00598573
72 20 0.0175924 0.0054686
72 21 0.0164324 0.0047495
72 22 0.0153971 0.00383634
72 23 0.0145677 0.00275399
72 24 0.0140144 0.00154574
72 25 0.0137847 0.000270922
72 26 0.0138949 -0.00100178
72 27 0.0143269 -0.00220388
72 28 0.0150316 -0.00327661
72 29 0.0159375 -0.00417745
72 30 0.0169626 -0.00488244
72 31 0.0180239 -0.00538456
72 32 0.0190449 -0.00568981
72 33 0.019959 -0.00581287
72 34 0.0207105 -0.00577348
72 35 0.0212548 -0.00559367
72 36 0.0215568 -0.0052962
72 37 0.0215895 -0.00490351
72 38 0.0213332 -0.00443736
72 39 0.0207739 -0.0039186
72 40 0.0199026 -0.00336723
72 41 0.0187144 -0.00280249
72 42 0.0172081 -0.00224306
72 43 0.0153853 -0.00170723
72 44 0.0132501 -0.00121316
72 45 0.0108089 -0.000779068
72 46 0.00806979 -0.000423503
72 47 0.00504236 -0.000165625
72 48 0.00173741 -2.55147e-05
72 49 0 0

73 0 0 0
73 1 0.0017495 2.39383e-05
73 2 0.00508823 0.000155775
73 3 0.00816218 0.000399592
73 4 0.0109617 0.000737586
73 5 0.013478 0.00115265
73 6 0.0157037 0.00162814
73 7 0.0176326 0.00214764
73 8 0.0192605 0.00269479
73 9 0.0205853 0.00325311
73 10 0.0216075 0.00380582
73 11 0.0223303 0.0043357
73 12 0.0227607 0.00482497
73 13 0.0229096 0.00525523
73 14 0.0227925 0.00560743
73 15 0.0224308 0.00586206
73 16 0.0218522 0.00599945
73 17 0.0210918 0.00600041
73 18 0.020193 0.00584736
73 19 0.0192075 0.00552598
73 20 0.0181951 0.0050275
73 21 0.0172221 0.0043515
73 22 0.0163569 0.00350889
73 23 0.015665 0.002524
73 24 0.0152009 0.00143496
73 25 0.0150011 0.000291402
73 26 0.0150777 -0.000850489
73 27 0.0154171 -0.00193469
73 28 0.0159815 -0.00291197
73 29 0.0167153 -0.00374483
73 30 0.0175523 -0.00440965
73 31 0.0184235 -0.00489633
73 32 0.0192626 -0.00520601
73 33 0.0200099 -0.00534822
73 34 0.0206138 -0.00533803
73 35 0.0210314 -0.00519376
73 36 0.0212282 -0.00493533
73 37 0.0211771 -0.00458321
73 38 0.0208577 -0.00415776
73 39 0.0202554 -0.00367891
73 40 0.0193604 -0.00316601
73 41 0.0181673 -0.00263784
73 42 0.0166743 -0.0021127
73 43 0.0148828 -0.00160851
73 44 0.0127968 -0.00114296
73 45 0.0104229 -0.000733718
73 46 0.00776942 -0.000398591
73 47 0.00484669 -0.000155751
73 48 0.00166639 -2.39819e-05
73 49 0 0

74 0 0 0
74 1 0.00168286 2.25314e-05
74 2 0.00490368 0.000146675
74 3 0.00787734 0.000376559
74 4 0.0105935 0.000695551
74 5 0.0130429 0.00108746
74 6 0.0152178 0.00153637
74 7 0.0171121 0.00202642
74 8 0.0187216 0.00254173
74 9 0.0200444 0.00306622
74 10 0.0210814 0.00358352
74 11 0.0218363 0.00407687
74 12 0.0223164 0.00452909
74 13 0.0225333 0.00492258
74 14 0.0225029 0.00523945
74 15 0.0222466 0.00546172
74 16 0.0217918 0.00557184
74 17 0.0211723 0.00555337
74 18 0.0204287 0.00539208
74 19 0.0196084 0.00507746
74 20 0.0187644 0.00460456
74 21 0.0179536 0.0039761
74 22 0.0172333 0.0032043
74 23 0.0166563 0.00231211
74 24 0.016266 0.00133291
74 25 0.0160907 0.000308498
74 26 0.0161399 -0.00071463
74 27 0.0164028 -0.00169009
74 28 0.0168501 -0.00257642
74 29 0.0174375 -0.00334072
74 30 0.0181114 -0.00396067
74 31 0.0188141 -0.0044247
74 32 0.0194886 -0.00473079
74 33 0.020082 -0.00488457
74 34 0.020547 -0.00489727
74 35 0.0208436 -0.00478379
74 36 0.0209384 -0.00456131
74 37 0.0208049 -0.00424814
74 38 0.0204226 -0.00386303
74 39 0.0197765 -0.00342468
74 40 0.0188564 -0.00295158
74 41 0.0176565 -0.00246178
74 42 0.0161744 -0.001973
74 43 0.0144114 -0.00150258
74 44 0.0123712 -0.00106763
74 45 0.0100604 -0.000685096
74 46 0.00748757 -0.000371925
74 47 0.00466331 -0.000145206
74 48 0.00159994 -2.23489e-05
74 49 0 0

75 0 0 0
75 1 0.00162051 2.10531e-05
75 2 0.00473055 0.000137095
75 3 0.00760969 0.000352257
75 4 0.0102472 0.000651127
75 5 0.0126335 0.00101851
75 6 0.0147609 0.00143927
75 7 0.0166232 0.00189826
75 8 0.0182164 0.00238017
75 9 0.0195389 0.00286947
75 10 0.0205918 0.00335036
75 11 0.0213792 0.00380673
75 12 0.0219088 0.00422218
75 13 0.0221924 0.00458013
75 14 0.022246 0.00486394
75 15 0.0220906 0.00505734
75 16 0.0217527 0.00514485
75 17 0.0212642 0.00511255
75 18 0.0206627 0.00494912
75 19 0.019991 0.00464705
75 20 0.0192958 0.00420418
75 21 0.0186259 0.0036251
75 22 0.0180292 0.00292242
75 23 0.0175491 0.00211724
75 24 0.0172204 0.0012387
75 25 0.0170656 0.000322257
75 26 0.0170921 -0.000593232
75 27 0.0172915 -0.00146898
75 28 0.0176402 -0.00226983
75 29 0.0181028 -0.00296703
75 30 0.0186353 -0.00353999
75 31 0.0191893 -0.00397671
75 32 0.019716 -0.00427318
75 33 0.0201687 -0.00443224
75 34 0.0205049 -0.00446201
75 35 0.0206875 -0.00437452
75 36 0.0206849 -0.00418433
75 37 0.0204717 -0.00390762
75 38 0.0200277 -0.00356141
75 39 0.019338 -0.00316305
75 40 0.018392 -0.00272992
75 41 0.0171836 -0.0022792
75 42 0.0157104 -0.00182781
75 43 0.0139729 -0.00139236
75 44 0.011975 -0.000989225
75 45 0.009723 -0.000634516
75 46 0.00722544 -0.000344221
75 47 0.00449305 -0.000134272
75 48 0.00153842 -2.06588e-05
75 49 0 0

76 0 0 0
76 1 0.00156248 1.95383e-05
76 2 0.00456916 0.000127257
76 3 0.00735986 0.000327249
76 4 0.00992364 0.000605351
76 5 0.012251 0.000947399
76 6 0.0143341 0.00133915
76 7 0.016167 0.0017662
76 8 0.0177459 0.00221395
76 9 0.0190694 0.00266756
76 10 0.0201388 0.00311192
76 11 0.0209587 0.00353172
76 12 0.0215368 0.00391147
76 13 0.0218848 0.00423571
76 14 0.0220187 0.00448919
76 15 0.0219586 0.00465728
76 16 0.0217297 0.00472649
76 17 0.0213619 0.00468514
76 18 0.0208895 0.00452431
76 19 0.0203508 0.00423884
76 20 0.0197868 0.00382846
76 21 0.0192393 0.00329884
76 22 0.0187488 0.00266231
76 23 0.018351 0.00193804
76 24 0.0180743 0.00115146
76 25 0.0179368 0.000332763
76 26 0.0179444 -0.00048526
76 27 0.0180903 -0.0012699
76 28 0.0183557 -0.00199119
76 29 0.0187114 -0.00262403
76 30 0.0191213 -0.00314971
76 31 0.0195445 -0.00355641
76 32 0.0199392 -0.00383901
76 33 0.0202644 -0.00399837
76 34 0.0204822 -0.00404024
76 35 0.0205586 -0.00397418
76 36 0.0204643 -0.00381248
76 37 0.0201751 -0.00356928
76 38 0.0196715 -0.00325987
76 39 0.0189389 -0.00290015
76 40 0.0179669 -0.00250629
76 41 0.0167491 -0.00209442
76 42 0.0152827 -0.00168056
76 43 0.0135682 -0.00128045
76 44 0.011609 -0.000909588
76 45 0.00941129 -0.000583163
76 46 0.00698345 -0.000316127
76 47 0.00433609 -0.000123203
76 48 0.0014818 -1.89517e-05
76 49 0 0

77 0 0 0
77 1 0.00150897 1.80165e-05
77 2 0.00441988 0.000117356
77 3 0.00712836 0.000302041
77 4 0.00962351 0.000559149
77 5 0.011896 0.000875585
77 6 0.0139381 0.00123803
77 7 0.015744 0.00163294
77 8 0.0173104 0.00204648
77 9 0.0186359 0.00246459
77 10 0.0197222 0.00287299
77 11 0.0205738 0.00325724
77 12 0.0211987 0.00360289
77 13 0.0216083 0.00389564
77 14 0.0218179 0.00412163
77 15 0.0218469 0.00426783
77 16 0.0217188 0.00432254
77 17 0.0214613 0.00427603
77 18 0.0211054 0.00412133
77 19 0.0206853 0.00385501
77 20 0.0202368 0.00347811
77 21 0.019796 0.00299678
77 22 0.019397 0.00242273
77 23 0.0190695 0.0017732
77 24 0.018837 0.00107038
77 25 0.0187143 0.00034013
77 26 0.0187061 -0.000389698
77 27 0.0188068 -0.00109133
77 28 0.0190012 -0.00173906
77 29 0.0192652 -0.00231104
77 30 0.0195685 -0.0027904
77 31 0.0198769 -0.00316587
77 32 0.0201542 -0.0034318
77 33 0.0203647 -0.00358771
77 34 0.0204745 -0.00363755
77 35 0.020453 -0.00358888
77 36 0.0202732 -0.00345199
77 37 0.0199124 -0.00323917
77 38 0.0193522 -0.00296404
77 39 0.0185783 -0.00264105
77 40 0.0175805 -0.00228508
77 41 0.0163525 -0.00191114
77 42 0.0148914 -0.00153422
77 43 0.0131973 -0.00116911
77 44 0.0112734 -0.000830323
77 45 0.00912557 -0.00053207
77 46 0.00676186 -0.000288204
77 47 0.00419263 -0.000112221
77 48 0.00143023 -1.72606e-05
77 49 0 0

78 0 0 0
78 1 0.00145981 1.65143e-05
78 2 0.00428254 0.000107564
78 3 0.00691506 0.000277065
78 4 0.00934671 0.000513322
78 5 0.0115684 0.000804311
78 6 0.0135727 0.00113768
78 7 0.0153541 0.00150077
78 8 0.0169094 0.00188062
78 9 0.0182377 0.002264
78 10 0.0193407 0.00263753
78 11 0.020223 0.00298772
78 12 0.0208924 0.00330119
78 13 0.02136 0.00356483
78 14 0.0216404 0.00376613
78 15 0.0217519 0.00389355
78 16 0.0217163 0.00393699
78 17 0.0215589 0.00388836
78 18 0.0213078 0.00374224
78 19 0.0209931 0.0034965
78 20 0.0206464 0.00315298
78 21 0.0202986 0.00271795
78 22 0.0199786 0.0022023
78 23 0.0197116 0.00162146
78 24 0.019517 0.000994776
78 25 0.0194069 0.0003445
78 26 0.0193854 -0.000305578
78 27 0.0194479 -0.000931726
78 28 0.0195815 -0.00151185
78 29 0.0197665 -0.00202686
78 30 0.0199773 -0.00246168
78 31 0.0201849 -0.0028058
78 32 0.0203581 -0.00305342
78 33 0.0204658 -0.00320318
78 34 0.020478 -0.00325769
78 35 0.020367 -0.0032229
78 36 0.0201083 -0.00310743
78 37 0.0196808 -0.00292188
78 38 0.0190672 -0.00267833
78 39 0.018254 -0.00238979
78 40 0.0172313 -0.00206986
78 41 0.0159929 -0.00173238
78 42 0.0145356 -0.00139124
78 43 0.0128597 -0.00106021
78 44 0.0109678 -0.000752777
78 45 0.00886537 -0.000482104
78 46 0.00656026 -0.000260925
78 47 0.00406233 -0.000101509
78 48 0.00138346 -1.56146e-05
78 49 0 0

79 0 0 0
79 1 0.00141506 1.50523e-05
79 2 0.00415709 9.80204e-05
79 3 0.00671985 0.000252685
79 4 0.00909305 0.000468536
79 5 0.011268 0.000734618
79 6 0.0132376 0.00103956
79 7 0.0149967 0.00137162
79 8 0.0165424 0.00171873
79 9 0.0178739 0.00206858
79 10 0.0189931 0.0024087
79 11 0.0199046 0.00272662
79 12 0.0206159 0.00301001
79 13 0.0211376 0.00324696
79 14 0.0214836 0.00342622
79 15 0.0216708 0.00353761
79 16 0.0217195 0.00357243
79 17 0.0216526 0.00352397
79 18 0.0214952 0.00338801
79 19 0.0212741 0.00316338
79 20 0.0210169 0.00285238
79 21 0.0207503 0.00246114
79 22 0.0204989 0.00199967
79 23 0.0202841 0.00148168
79 24 0.0201221 0.000924064
79 25 0.0200231 0.000346036
79 26 0.0199904 -0.000231991
79 27 0.0200201 -0.000789648
79 28 0.0201017 -0.00130787
79 29 0.0202184 -0.00176999
79 30 0.0203488 -0.00216259
79 31 0.0204681 -0.00247602
79 32 0.0205493 -0.00270455
79 33 0.0205653 -0.00284632
79 34 0.0204896 -0.00290295
79 35 0.0202974 -0.00287911
79 36 0.0199664 -0.00278199
79 37 0.0194774 -0.00262075
79 38 0.0188141 -0.00240602
79 39 0.017964 -0.00214946
79 40 0.0169175 -0.0018634
79 41 0.0156687 -0.00156051
79 42 0.0142143 -0.00125356
79 43 0.0125543 -0.000955254
79 44 0.0106913 -0.000678026
79 45 0.00863014 -0.000433959
79 46 0.00637823 -0.000234668
79 47 0.00394491 -9.1215e-05
79 48 0.00134148 -1.40351e-05
79 49 0 0

80 0 0 0
80 1 0.00137443 1.36482e-05
80 2 0.00404303 8.88372e-05
80 3 0.00654207 0.000229189
80 4 0.00886176 0.000425328
80 5 0.0109939 0.000667339
80 6 0.0129317 0.000944832
80 7 0.0146706 0.001247
80 8 0.0162078 0.00156269
80 9 0.0175428 0.00188051
80 10 0.0186775 0.00218896
80 11 0.0196163 0.00247656
80 12 0.0203666 0.00273205
80 13 0.0209384 0.00294465
80 14 0.0213446 0.00310429
80 15 0.0216011 0.00320203
80 16 0.0217261 0.00323037
80 17 0.0217404 0.00318373
80 18 0.0216667 0.00305884
80 19 0.0215286 0.00285519
80 20 0.0213501 0.00257532
80 21 0.0211545 0.00222506
80 22 0.0209628 0.0018135
80 23 0.0207932 0.00135281
80 24 0.0206595 0.000857745
80 25 0.0205701 0.00034492
80 26 0.0205279 -0.000168077
80 27 0.0205297 -0.000663702
80 28 0.0205665 -0.00112546
80 29 0.0206242 -0.00153879
80 30 0.0206847 -0.00189181
80 31 0.0207265 -0.00217572
80 32 0.0207266 -0.00238507
80 33 0.0206611 -0.00251768
80 34 0.0205067 -0.0025745
80 35 0.0202412 -0.00255918
80 36 0.0198446 -0.00247772
80 37 0.0192992 -0.00233801
80 38 0.0185903 -0.0021494
80 39 0.0177058 -0.00192227
80 40 0.016637 -0.00166774
80 41 0.0153779 -0.00139732
80 42 0.0139256 -0.00112267
80 43 0.0122798 -0.0008554
80 44 0.0104426 -0.000606899
80 45 0.00841868 -0.00038817
80 46 0.0062148 -0.000209721
80 47 0.00383969 -8.14498e-05
80 48 0.00130392 -1.25397e-05
80 49 0 0

81 0 0 0
81 1 0.00133788 1.23138e-05
81 2 0.00394002 8.00992e-05
81 3 0.00638115 0.000206799
81 4 0.00865211 0.000384106
81 5 0.0107451 0.000603114
81 6 0.0126541 0.000854389
81 7 0.0143747 0.00112805
81 8 0.0159044 0.00141388
81 9 0.0172428 0.00170141
81 10 0.0183921 0.00198008
81 11 0.0193564 0.00223941
81 12 0.0201426 0.00246918
81 13 0.0207603 0.00265965
81 14 0.0212215 0.00280187
81 15 0.0215406 0.00288797
81 16 0.0217344 0.0029115
81 17 0.0218216 0.0028678
81 18 0.0218223 0.00275435
81 19 0.0217576 0.00257108
81 20 0.0216484 0.0023206
81 21 0.0215149 0.00200836
81 22 0.0213752 0.00164255
81 23 0.021245 0.00123394
81 24 0.0211358 0.000795399
81 25 0.0210549 0.000341347
81 26 0.0210047 -0.000113029
81 27 0.0209825 -0.000552574
81 28 0.0209808 -0.000962988
81 29 0.0209874 -0.00133156
81 30 0.020987 -0.00164778
81 31 0.0209611 -0.0019037
81 32 0.0208897 -0.00209422
81 33 0.020752 -0.00221707
81 34 0.0205274 -0.00227266
81 35 0.0201963 -0.00226388
81 36 0.0197404 -0.00219574
81 37 0.0191439 -0.00207504
81 38 0.0183931 -0.00190996
81 39 0.0174771 -0.00170972
81 40 0.0163875 -0.00148429
81 41 0.0151187 -0.00124406
81 42 0.0136679 -0.000999601
81 43 0.0120344 -0.000761468
81 44 0.0102204 -0.00053999
81 45 0.0082299 -0.000345119
81 46 0.00606912 -0.000186291
81 47 0.00374611 -7.22925e-05
81 48 0.00127067 -1.11393e-05
81 49 0 0

82 0 0 0
82 1 0.00130503 1.10588e-05
82 2 0.00384734 7.18666e-05
82 3 0.00623613 0.000185672
82 4 0.00846289 0.000345168
82 5 0.0105205 0.000542404
82 6 0.0124032 0.000768875
82 7 0.0141072 0.00101561
82 8 0.0156301 0.0012733
82 9 0.016972 0.0015324
82 10 0.0181347 0.00178328
82 11 0.0191224 0.00201641
82 12 0.0199416 0.00222255
82 13 0.0206011 0.00239298
82 14 0.021112 0.00251972
82 15 0.0214876 0.00259587
82 16 0.0217431 0.00261588
82 17 0.0218953 0.00257584
82 18 0.0219622 0.0024738
82 19 0.0219623 0.00230998
82 20 0.021914 0.00208696
82 21 0.0218349 0.00180973
82 22 0.0217407 0.00148565
82 23 0.0216447 0.00112422
82 24 0.0215569 0.000736669
82 25 0.0214835 0.00033552
82 26 0.0214266 -6.60819e-05
82 27 0.0213839 -0.000455023
82 28 0.0213488 -0.00081889
82 29 0.0213113 -0.00114659
82 30 0.0212579 -0.00142882
82 31 0.0211728 -0.0016585
82 32 0.0210386 -0.0018309
82 33 0.0208371 -0.00194375
82 34 0.0205502 -0.00199712
82 35 0.0201603 -0.00199329
82 36 0.0196513 -0.00193646
82 37 0.0190087 -0.00183247
82 38 0.01822 -0.00168849
82 39 0.0172752 -0.00151267
82 40 0.0161665 -0.0013139
82 41 0.0148886 -0.00110151
82 42 0.0134387 -0.00088504
82 43 0.0118163 -0.000673994
82 44 0.0100229 -0.000477687
82 45 0.00806221 -0.000305057
82 46 0.0059399 -0.000164513
82 47 0.00366327 -6.37936e-05
82 48 0.00124127 -9.8419e-06
82 49 0 0

83 0 0 0
83 1 0.0012758 9.88781e-06
83 2 0.0037645 6.41777e-05
83 3 0.00610619 0.000165911
83 4 0.00829305 0.000308706
83 5 0.0103185 0.000485512
83 6 0.0121775 0.000688712
83 7 0.0138665 0.000910217
83 8 0.0153834 0.00114159
83 9 0.0167285 0.00137419
83 10 0.0179035 0.00159928
83 11 0.0189125 0.00180825
83 12 0.0197615 0.00199278
83 13 0.0204588 0.00214507
83 14 0.0210146 0.00225805
83 15 0.0214409 0.00232567
83 16 0.0217515 0.00234312
83 17 0.0219616 0.00230714
83 18 0.022087 0.00221618
83 19 0.0221443 0.00207066
83 20 0.0221496 0.00187305
83 21 0.0221181 0.00162788
83 22 0.0220636 0.00134171
83 23 0.0219975 0.00102289
83 24 0.0219284 0.000681248
83 25 0.0218618 0.000327648
83 26 0.0217992 -2.65157e-05
83 27 0.0217388 -0.000369879
83 28 0.0216751 -0.000691658
83 29 0.0215992 -0.000982164
83 30 0.0214997 -0.00123323
83 31 0.0213629 -0.00143851
83 32 0.0211737 -0.00159371
83 33 0.020916 -0.00169662
83 34 0.020574 -0.0017471
83 35 0.0201319 -0.00174696
83 36 0.0195755 -0.00169971
83 37 0.0188915 -0.00161039
83 38 0.0180687 -0.00148524
83 39 0.0170978 -0.00133148
83 40 0.0159717 -0.00115698
83 41 0.0146855 -0.00097009
83 42 0.0132363 -0.000779342
83 43 0.0116235 -0.000593268
83 44 0.00984835 -0.000420206
83 45 0.00791423 -0.000268121
83 46 0.00582608 -0.000144456
83 47 0.00359051 -5.59786e-05
83 48 0.00121558 -8.65023e-06
83 49 0 0

84 0 0 0
84 1 0.00124978 8.80424e-06
84 2 0.00369068 5.7052e-05
84 3 0.00599019 0.000147572
84 4 0.0081412 0.000274827
84 5 0.0101378 0.000432608
84 6 0.0119753 0.000614134
84 7 0.0136507 0.000812157
84 8 0.0151622 0.00101909
84 9 0.0165102 0.00122713
84 10 0.0176963 0.00142841
84 11 0.0187245 0.00161519
84 12 0.0196005 0.00178002
84 13 0.0203317 0.00191592
84 14 0.0209277 0.00201665
84 15 0.0213993 0.00207689
84 16 0.021759 0.0020925
84 17 0.0220203 0.00206071
84 18 0.0221975 0.00198032
84 19 0.0223052 0.00185183
84 20 0.0223574 0.00167754
84 21 0.0223677 0.00146155
84 22 0.0223479 0.00120969
84 23 0.0223079 0.000929269
84 24 0.0222553 0.000628873
84 25 0.0221946 0.00031794
84 26 0.0221273 6.35135e-06
84 27 0.0220518 -0.000296037
84 28 0.0219633 -0.000579856
84 29 0.0218543 -0.00083665
84 30 0.0217148 -0.00105924
84 31 0.0215329 -0.00124201
84 32 0.0212955 -0.00138107
84 33 0.0209885 -0.00147433
84 34 0.0205978 -0.00152152
84 35 0.0201096 -0.00152405
84 36 0.0195109 -0.00148492
84 37 0.01879 -0.00140843
84 38 0.0179367 -0.00130004
84 39 0.0169425 -0.00116609
84 40 0.0158008 -0.00101356
84 41 0.0145069 -0.000849867
84 42 0.0130581 -0.000682605
84 43 0.0114538 -0.000519381
84 44 0.00969487 -0.000367612
84 45 0.00778423 -0.000234352
84 46 0.00572627 -0.000126141
84 47 0.00352683 -4.88531e-05
84 48 0.00119313 -7.56548e-06
84 49 0 0

85 0 0 0
85 1 0.00122686 7.80757e-06
85 2 0.00362534 5.04935e-05
85 3 0.00588724 0.000130668
85 4 0.00800615 0.000243563
85 5 0.00997678 0.000383745
85 6 0.011795 0.000545217
85 7 0.0134581 0.000721523
85 8 0.0149648 0.000905874
85 9 0.0163152 0.00109128
85 10 0.0175114 0.00127069
85 11 0.0185568 0.00143716
85 12 0.0194568 0.00158404
85 13 0.0202184 0.00170514
85 14 0.0208501 0.00179494
85 15 0.021362 0.00184877
85 16 0.0217652 0.00186305
85 17 0.0220719 0.00183542
85 18 0.0222948 0.00176492
85 19 0.0224467 0.00165211
85 20 0.0225402 0.00149911
85 21 0.022587 0.00130957
85 22 0.0225975 0.00108863
85 23 0.0225805 0.000842723
85 24 0.0225422 0.000579312
85 25 0.0224869 0.000306602
85 26 0.0224156 3.31618e-05
85 27 0.0223271 -0.000232458
85 28 0.0222173 -0.000482119
85 29 0.0220796 -0.000708449
85 30 0.0219054 -0.00090516
85 31 0.0216843 -0.00106728
85 32 0.0214047 -0.00119132
85 33 0.0210545 -0.00127535
85 34 0.0206211 -0.00131902
85 35 0.0200922 -0.00132345
85 36 0.0194562 -0.00129117
85 37 0.0187027 -0.00122589
85 38 0.0178223 -0.00113236
85 39 0.0168072 -0.00101615
85 40 0.0156515 -0.0008834
85 41 0.0143507 -0.000740677
85 42 0.0129023 -0.000594717
85 43 0.0113054 -0.000452257
85 44 0.00956074 -0.000319854
85 45 0.00767079 -0.000203714
85 46 0.00563935 -0.000109544
85 47 0.00347156 -4.24059e-05
85 48 0.00117375 -6.58473e-06
85 49 0 0

86 0 0 0
86 1 0.00120664 6.89697e-06
86 2 0.00356765 4.4494e-05
86 3 0.00579616 0.000115184
86 4 0.00788647 0.00021489
86 5 0.00983389 0.000338888
86 6 0.0116348 0.000481908
86 7 0.0132869 0.000638236
86 8 0.014789 0.000801833
86 9 0.0161416 0.000966465
86 10 0.0173466 0.00112585
86 11 0.0184073 0.00127379
86 12 0.0193287 0.00140437
86 13 0.0201172 0.0015121
86 14 0.0207807 0.00159212
86 15 0.0213282 0.00164033
86 16 0.0217698 0.00165362
86 17 0.0221165 0.00162999
86 18 0.0223796 0.00156865
86 19 0.0225704 0.00147017
86 20 0.0227 0.00133646
86 21 0.0227788 0.00117078
86 22 0.0228159 0.000977647
86 23 0.0228189 0.000762672
86 24 0.0227933 0.000532361
86 25 0.0227427 0.000293833
86 26 0.0226682 5.45206e-05
86 27 0.0225686 -0.000178165
86 28 0.0224404 -0.000397156
86 29 0.0222779 -0.000596036
86 30 0.0220736 -0.000769303
86 31 0.0218184 -0.000912581
86 32 0.0215022 -0.00102276
86 33 0.0211142 -0.00109808
86 34 0.0206433 -0.00113815
86 35 0.0200787 -0.00114386
86 36 0.0194099 -0.00111736
86 37 0.0186276 -0.00106185
86 38 0.0177232 -0.000981453
86 39 0.0166897 -0.000881038
86 40 0.0155216 -0.000766016
86 41 0.0142146 -0.000642158
86 42 0.0127665 -0.000515406
86 43 0.0111761 -0.000391696
86 44 0.00944399 -0.00027679
86 45 0.00757221 -0.000176113
86 46 0.00556397 -9.4612e-05
86 47 0.00342373 -3.66139e-05
86 48 0.00115701 -5.70485e-06
86 49 0 0

87 0 0 0
87 1 0.001189 6.06856e-06
87 2 0.00351707 3.90351e-05
87 3 0.00571608 0.000101076
87 4 0.00778101 0.000188732
87 5 0.00970773 0.000297926
87 6 0.0114931 0.000424055
87 7 0.0131353 0.000562092
87 8 0.0146333 0.000706696
87 9 0.0159877 0.00085234
87 10 0.0172004 0.000993443
87 11 0.0182746 0.00112451
87 12 0.0192148 0.00124031
87 13 0.0200272 0.00133597
87 14 0.0207187 0.00140721
87 15 0.0212976 0.00145045
87 16 0.0217731 0.00146299
87 17 0.0221549 0.00144309
87 18 0.0224532 0.00139013
87 19 0.0226781 0.00130465
87 20 0.0228393 0.00118835
87 21 0.0229461 0.00104411
87 22 0.0230064 0.000875889
87 23 0.0230268 0.00068858
87 24 0.0230124 0.000487835
87 25 0.022966 0.000279828
87 26 0.0228889 7.09954e-05
87 27 0.0227799 -0.00013224
87 28 0.0226359 -0.00032375
87 29 0.022452 -0.000497955
87 30 0.0222216 -0.000650057
87 31 0.0219368 -0.000776215
87 32 0.0215888 -0.000873677
87 33 0.0211679 -0.000940853
87 34 0.0206643 -0.000977333
87 35 0.0200685 -0.000983855
87 36 0.019371 -0.000962224
87 37 0.0185633 -0.000915204
87 38 0.0176379 -0.000846379
87 39 0.0165882 -0.000759991
87 40 0.0154091 -0.000660779
87 41 0.0140968 -0.000553802
87 42 0.0126488 -0.000444275
87 43 0.0110641 -0.000337399
87 44 0.00934305 -0.000238206
87 45 0.00748712 -0.000151409
87 46 0.00549908 -8.12644e-05
87 47 0.0033827 -3.14442e-05
87 48 0.00114274 -4.91966e-06
87 49 0 0

88 0 0 0
88 1 0.00117359 5.31896e-06
88 2 0.00347283 3.40912e-05
88 3 0.00564588 8.82825e-05
88 4 0.00768836 0.000164982
88 5 0.00959672 0.000260694
88 6 0.0113683 0.000371427
88 7 0.0130015 0.000492783
88 8 0.0144957 0.00062007
88 9 0.0158516 0.000748413
88 10 0.0170709 0.000872882
88 11 0.0181569 0.000988624
88 12 0.0191138 0.00109101
88 13 0.019947 0.00117576
88 14 0.0206631 0.0012391
88 15 0.0212696 0.00127792
88 16 0.0217748 0.00128984
88 17 0.0221874 0.00127337
88 18 0.0225165 0.00122801
88 19 0.0227712 0.00115423
88 20 0.02296 0.00105356
88 21 0.0230912 0.000928524
88 22 0.0231717 0.000782568
88 23 0.0232075 0.000619949
88 24 0.0232028 0.000445567
88 25 0.0231603 0.000264767
88 26 0.023081 8.3117e-05
88 27 0.0229639 -9.3826e-05
88 28 0.0228064 -0.000260755
88 29 0.0226041 -0.00041283
88 30 0.0223512 -0.000545876
88 31 0.0220409 -0.000656535
88 32 0.0216652 -0.000742384
88 33 0.0212158 -0.000802002
88 34 0.0206838 -0.00083499
88 35 0.0200607 -0.000841947
88 36 0.0193382 -0.000824409
88 37 0.0185084 -0.000784756
88 38 0.0175646 -0.000726093
88 39 0.0165007 -0.000652111
88 40 0.0153121 -0.000566941
88 41 0.013995 -0.000475002
88 42 0.0125473 -0.000380845
88 43 0.0109676 -0.000289001
88 44 0.00925611 -0.000203841
88 45 0.00741397 -0.000129429
88 46 0.00544342 -6.94052e-05
88 47 0.0033476 -2.68576e-05
88 48 0.00113054 -4.22371e-06
88 49 0 0

89 0 0 0
89 1 0.00116029 4.64243e-06
89 2 0.00343443 2.96315e-05
89 3 0.00558476 7.67272e-05
89 4 0.0076075 0.000143502
89 5 0.00949961 0.000226984
89 6 0.0112589 0.000323734
89 7 0.012884 0.000429932
89 8 0.0143747 0.000541479
89 9 0.0157317 0.000654098
89 10 0.0169569 0.000763459
89 11 0.0180531 0.000865294
89 12 0.0190244 0.00095553
89 13 0.0198758 0.00103041
89 14 0.0206135 0.00108664
89 15 0.0212441 0.00112146
89 16 0.0217752 0.00113284
89 17 0.0222147 0.00111947
89 18 0.0225707 0.00108093
89 19 0.0228513 0.00101764
89 20 0.0230642 0.000930947
89 21 0.0232166 0.000823049
89 22 0.0233148 0.000696943
89 23 0.0233639 0.000556314
89 24 0.0233678 0.0004054
89 25 0.0233288 0.00024882
89 26 0.0232477 9.13803e-05
89 27 0.0231238 -6.21213e-05
89 28 0.0229547 -0.000207098
89 29 0.0227366 -0.000339362
89 30 0.0224644 -0.000455289
89 31 0.0221321 -0.000551958
89 32 0.0217325 -0.000627245
89 33 0.0212584 -0.000679893
89 34 0.0207018 -0.000709524
89 35 0.0200551 -0.000716631
89 36 0.0193108 -0.000702521
89 37 0.0184618 -0.000669242
89 38 0.017502 -0.000619478
89 39 0.0164258 -0.000556428
89 40 0.0152289 -0.000483684
89 41 0.0139078 -0.000405082
89 42 0.0124602 -0.000324576
89 43 0.0108849 -0.000246092
89 44 0.00918177 -0.000173399
89 45 0.00735157 -0.000109982
89 46 0.00539608 -5.89267e-05
89 47 0.00331787 -2.28106e-05
89 48 0.0011203 -3.60931e-06
89 49 0 0

90 0 0 0
90 1 0.00114877 4.03432e-06
90 2 0.00340116 2.56213e-05
90 3 0.00553171 6.63246e-05
90 4 0.00753715 0.00012414
90 5 0.00941496 0.000196562
90 6 0.0111633 0.00028065
90 7 0.0127813 0.000373109
90 8 0.0142688 0.000470381
90 9 0.0156266 0.00056874
90 10 0.0168566 0.000664401
90 11 0.0179616 0.000753631
90 12 0.0189454 0.000832862
90 13 0.0198127 0.00089881
90 14 0.0205691 0.000948585
90 15 0.0212207 0.000979797
90 16 0.0217743 0.000990654
90 17 0.0222372 0.000980039
90 18 0.0226165 0.000947571
90 19 0.0229197 0.000893638
90 20 0.0231535 0.000819399
90 21 0.0233244 0.000726761
90 22 0.023438 0.000618313
90 23 0.0234987 0.000497238
90 24 0.0235101 0.000367189
90 25 0.0234742 0.000232145
90 26 0.0233917 9.6244e-05
90 27 0.0232621 -3.63806e-05
90 28 0.0230831 -0.000161776
90 29 0.0228514 -0.000276329
90 30 0.0225627 -0.000376906
90 31 0.0222114 -0.000460973
90 32 0.0217913 -0.000526684
90 33 0.0212959 -0.000572931
90 34 0.0207181 -0.00059937
90 35 0.020051 -0.000606406
90 36 0.0192878 -0.000595156
90 37 0.0184223 -0.000567376
90 38 0.0174486 -0.000525381
90 39 0.0163618 -0.000471936
90 40 0.0151578 -0.000410145
90 41 0.0138332 -0.000343328
90 42 0.0123858 -0.000274896
90 43 0.0108144 -0.000208232
90 44 0.00911845 -0.000146565
90 45 0.00729854 -9.28602e-05
90 46 0.00535595 -4.97148e-05
90 47 0.00329273 -1.92577e-05
90 48 0.00111163 -3.07008e-06
90 49 0 0

91 0 0 0
91 1 0.00113896 3.48809e-06
91 2 0.00337264 2.2024e-05
91 3 0.00548604 5.69825e-05
91 4 0.00747643 0.00010673
91 5 0.00934171 0.000169172
91 6 0.0110805 0.000241818
91 7 0.012692 0.000321849
91 8 0.0141765 0.000406199
91 9 0.0155349 0.000491641
91 10 0.016769 0.000574891
91 11 0.0178815 0.000652699
91 12 0.0188761 0.000721958
91 13 0.019757 0.000779805
91 14 0.0205295 0.000823722
91 15 0.0211993 0.000851629
91 16 0.0217724 0.000861964
91 17 0.0222555 0.000853757
91 18 0.0226551 0.000826672
91 19 0.0229778 0.000781042
91 20 0.0232297 0.000717866
91 21 0.0234166 0.000638782
91 22 0.0235435 0.000546018
91 23 0.0236143 0.00044231
91 24 0.0236323 0.000330793
91 25 0.0235992 0.000214883
91 26 0.0235156 9.81325e-05
91 27 0.0233811 -1.59116e-05
91 28 0.0231937 -0.000123854
91 29 0.0229506 -0.000222587
91 30 0.0226477 -0.000309415
91 31 0.0222801 -0.00038215
91 32 0.0218425 -0.000439195
91 33 0.0213288 -0.000479583
91 34 0.0207328 -0.000503008
91 35 0.0200481 -0.000509805
91 36 0.0192688 -0.000500926
91 37 0.018389 -0.000477876
91 38 0.0174035 -0.000442645
91 39 0.0163076 -0.000397612
91 40 0.0150975 -0.000345448
91 41 0.0137699 -0.000289006
91 42 0.0123228 -0.000231216
91 43 0.0107547 -0.000174969
91 44 0.00906499 -0.000123014
91 45 0.00725388 -7.78531e-05
91 46 0.00532228 -4.16524e-05
91 47 0.00327175 -1.61521e-05
91 48 0.00110448 -2.59797e-06
91 49 0 0

92 0 0 0
92 1 0.00113056 2.99864e-06
92 2 0.00334824 1.88018e-05
92 3 0.00544688 4.86057e-05
92 4 0.00742423 9.10971e-05
92 5 0.0092786 0.000144548
92 6 0.0110089 0.000206869
92 7 0.0126148 0.00027567
92 8 0.0140965 0.000348331
92 9 0.0154552 0.000422081
92 10 0.0166927 0.000494088
92 11 0.0178116 0.000561543
92 12 0.0188153 0.000621755
92 13 0.019708 0.000672243
92 14 0.0204943 0.000710822
92 15 0.0211796 0.000735684
92 16 0.0217696 0.000745475
92 17 0.0222701 0.000739346
92 18 0.0226871 0.000717001
92 19 0.0230266 0.000678717
92 20 0.0232941 0.000625344
92 21 0.0234948 0.000558282
92 22 0.0236332 0.000479435
92 23 0.0237128 0.000391139
92 24 0.0237365 0.000296076
92 25 0.0237059 0.000197163
92 26 0.0236215 9.74362e-05
92 27 0.0234829 -7.30348e-08
92 28 0.0232885 -9.24612e-05
92 29 0.0230355 -0.000177069
92 30 0.0227206 -0.000251587
92 31 0.0223392 -0.000314138
92 32 0.0218866 -0.000363348
92 33 0.0213573 -0.000398384
92 34 0.0207457 -0.000418975
92 35 0.0200462 -0.000425403
92 36 0.019253 -0.000418477
92 37 0.0183611 -0.000399485
92 38 0.0173654 -0.000370129
92 39 0.0162618 -0.000332444
92 40 0.0150465 -0.000288717
92 41 0.0137165 -0.000241385
92 42 0.0122697 -0.000192944
92 43 0.0107044 -0.000145849
92 44 0.00902005 -0.000102419
92 45 0.00721644 -6.47484e-05
92 46 0.00529413 -3.46229e-05
92 47 0.00325426 -1.34477e-05
92 48 0.0010985 -2.1866e-06
92 49 0 0

93 0 0 0
93 1 0.00112354 2.55931e-06
93 2 0.00332764 1.59164e-05
93 3 0.00541369 4.10977e-05
93 4 0.00737984 7.70675e-05
93 5 0.00922476 0.00012242
93 6 0.0109477 0.000175426
93 7 0.0125485 0.000234079
93 8 0.0140277 0.000296166
93 9 0.0153865 0.000359327
93 10 0.0166267 0.000421143
93 11 0.0177509 0.000479204
93 12 0.0187624 0.000531196
93 13 0.019665 0.000574981
93 14 0.0204632 0.000608675
93 15 0.0211618 0.000630715
93 16 0.0217661 0.000639926
93 17 0.0222815 0.00063557
93 18 0.0227134 0.000617378
93 19 0.0230673 0.000585576
93 20 0.0233482 0.00054088
93 21 0.0235608 0.000484473
93 22 0.023709 0.00041797
93 23 0.0237962 0.000343355
93 24 0.0238249 0.000262905
93 25 0.0237964 0.000179098
93 26 0.0237115 9.45132e-05
93 27 0.0235695 1.17277e-05
93 28 0.0233691 -6.67899e-05
93 29 0.023108 -0.000138777
93 30 0.0227828 -0.000202268
93 31 0.0223898 -0.000255664
93 32 0.0219244 -0.000297791
93 33 0.0213819 -0.000327939
93 34 0.0207571 -0.000345873
93 35 0.0200449 -0.000351832
93 36 0.0192401 -0.000346503
93 37 0.0183378 -0.000330982
93 38 0.0173336 -0.000306717
93 39 0.0162235 -0.000275439
93 40 0.0150038 -0.000239092
93 41 0.0136718 -0.000199741
93 42 0.0122253 -0.000159498
93 43 0.0106625 -0.000120424
93 44 0.00898271 -8.44603e-05
93 45 0.00718543 -5.33371e-05
93 46 0.00527092 -2.85111e-05
93 47 0.00323992 -1.1099e-05
93 48 0.00109367 -1.82818e-06
93 49 0 0

94 0 0 0
94 1 0.00111762 2.16505e-06
94 2 0.00331032 1.333e-05
94 3 0.00538572 3.43624e-05
94 4 0.00734233 6.44655e-05
94 5 0.00917914 0.000102518
94 6 0.0108957 0.00014711
94 7 0.0124921 0.000196585
94 8 0.013969 0.000249092
94 9 0.0153277 0.00030265
94 10 0.01657 0.000355211
94 11 0.0176986 0.00040473
94 12 0.0187165 0.000449234
94 13 0.0196275 0.000486896
94 14 0.0204356 0.000516102
94 15 0.0211455 0.000535508
94 16 0.0217619 0.000544101
94 17 0.02229 0.000541236
94 18 0.0227346 0.000526672
94 19 0.0231008 0.000500583
94 20 0.0233931 0.000463564
94 21 0.0236157 0.000416604
94 22 0.0237724 0.000361061
94 23 0.0238661 0.000298603
94 24 0.023899 0.000231148
94 25 0.0238725 0.000160785
94 26 0.0237872 8.96909e-05
94 27 0.0236424 2.00379e-05
94 28 0.0234371 -4.60901e-05
94 29 0.023169 -0.000106784
94 30 0.0228353 -0.000160382
94 31 0.0224325 -0.000205534
94 32 0.0219564 -0.000241251
94 33 0.0214028 -0.00026693
94 34 0.0207669 -0.000282375
94 35 0.020044 -0.000287787
94 36 0.0192293 -0.00028375
94 37 0.0183184 -0.00027119
94 38 0.0173071 -0.00025133
94 39 0.0161915 -0.000225634
94 40 0.0149683 -0.000195736
94 41 0.0136347 -0.000163373
94 42 0.0121884 -0.000130308
94 43 0.0106278 -9.82578e-05
94 44 0.00895186 -6.88229e-05
94 45 0.00715989 -4.34162e-05
94 46 0.00525187 -2.32061e-05
94 47 0.00322819 -9.06231e-06
94 48 0.00108971 -1.51678e-06
94 49 0 0

95 0 0 0
95 1 0.00111281 1.80943e-06
95 2 0.00329606 1.10055e-05
95 3 0.00536257 2.83048e-05
95 4 0.00731114 5.31176e-05
95 5 0.00914107 8.4573e-05
95 6 0.0108522 0.000121547
95 7 0.0124447 0.000162697
95 8 0.0139195 0.000206504
95 9 0.0152779 0.000251327
95 10 0.0165219 0.000295459
95 11 0.0176541 0.000337184
95 12 0.0186773 0.000374842
95 13 0.0195951 0.000406888
95 14 0.0204116 0.00043195
95 15 0.0211308 0.000448884
95 16 0.0217575 0.000456819
95 17 0.0222961 0.000455197
95 18 0.0227514 0.000443795
95 19 0.0231279 0.000422745
95 20 0.0234298 0.000392527
95 21 0.023661 0.00035396
95 22 0.0238248 0.000308167
95 23 0.023924 0.000256539
95 24 0.0239606 0.000200672
95 25 0.0239359 0.000142309
95 26 0.0238502 8.32679e-05
95 27 0.0237032 2.53628e-05
95 28 0.0234938 -2.96657e-05
95 29 0.02322 -8.02221e-05
95 30 0.0228792 -0.000124919
95 31 0.0224681 -0.000162629
95 32 0.0219832 -0.000192525
95 33 0.0214203 -0.000214109
95 34 0.0207752 -0.000227217
95 35 0.0200434 -0.000232023
95 36 0.0192206 -0.000229019
95 37 0.0183025 -0.000218981
95 38 0.0172853 -0.000202935
95 39 0.0161652 -0.000182102
95 40 0.0149391 -0.000157844
95 41 0.0136042 -0.000131599
95 42 0.0121583 -0.000104824
95 43 0.0105996 -7.89266e-05
95 44 0.00892681 -5.52042e-05
95 45 0.00713925 -3.47897e-05
95 46 0.00523656 -1.86006e-05
95 47 0.00321884 -7.29562e-06
95 48 0.00108661 -1.24522e-06
95 49 0 0

96 0 0 0
96 1 0.00110886 1.48765e-06
96 2 0.00328443 8.90651e-06
96 3 0.00534363 2.28323e-05
96 4 0.00728555 4.28535e-05
96 5 0.00910971 6.83212e-05
96 6 0.0108161 9.83681e-05
96 7 0.0124053 0.000131934
96 8 0.0138782 0.000167804
96 9 0.0152363 0.000204647
96 10 0.0164815 0.000241067
96 11 0.0176164 0.000275649
96 12 0.0186439 0.000307019
96 13 0.0195674 0.000333886
96 14 0.0203906 0.000355102
96 15 0.0211176 0.000369702
96 16 0.0217526 0.000376945
96 17 0.0223001 0.000376347
96 18 0.0227642 0.000367706
96 19 0.0231493 0.000351109
96 20 0.0234592 0.000326938
96 21 0.0236975 0.000295854
96 22 0.0238674 0.000258772
96 23 0.0239712 0.000216831
96 24 0.0240109 0.000171342
96 25 0.0239876 0.000123739
96 26 0.0239017 7.55163e-05
96 27 0.023753 2.81689e-05
96 28 0.0235402 -1.68693e-05
96 29 0.0232617 -5.82845e-05
96 30 0.0229151 -9.49346e-05
96 31 0.0224974 -0.000125893
96 32 0.0220051 -0.000150482
96 33 0.0214346 -0.000168295
96 34 0.0207819 -0.000179204
96 35 0.0200428 -0.000183358
96 36 0.0192134 -0.000181167
96 37 0.0182895 -0.000173278
96 38 0.0172675 -0.000160538
96 39 0.0161438 -0.000143952
96 40 0.0149154 -0.000124637
96 41 0.0135795 -0.000103767
96 42 0.0121339 -8.25191e-05
96 43 0.0105768 -6.20244e-05
96 44 0.0089067 -4.33134e-05
96 45 0.00712275 -2.72699e-05
96 46 0.00522437 -1.45922e-05
96 47 0.00321141 -5.759e-06
96 48 0.00108412 -1.00818e-06
96 49 0 0

97 0 0 0
97 1 0.00110582 1.19364e-06
97 2 0.00327529 6.99769e-06
97 3 0.00532864 1.78539e-05
97 4 0.00726515 3.35064e-05
97 5 0.00908459 5.35036e-05
97 6 0.0107871 7.72102e-05
97 7 0.0123735 0.000103825
97 8 0.0138447 0.000132408
97 9 0.0152023 0.000161914
97 10 0.0164483 0.000191232
97 11 0.0175853 0.000219227
97 12 0.0186161 0.000244782
97 13 0.019544 0.000266845
97 14 0.0203727 0.00028447
97 15 0.0211059 0.000296853
97 16 0.0217477 0.000303374
97 17 0.0223023 0.000303618
97 18 0.0227737 0.000297396
97 19 0.0231657 0.000284758
97 20 0.0234822 0.000265995
97 21 0.0237264 0.000241624
97 22 0.0239011 0.000212374
97 23 0.0240088 0.000179156
97 24 0.024051 0.000143024
97 25 0.024029 0.000105131
97 26 0.0239431 6.66837e-05
97 27 0.0237929 2.88886e-05
97 28 0.0235775 -7.09711e-06
97 29 0.0232953 -4.02135e-05
97 30 0.0229439 -6.95405e-05
97 31 0.0225208 -9.43337e-05
97 32 0.0220227 -0.000114051
97 33 0.0214461 -0.000128371
97 34 0.0207872 -0.000137199
97 35 0.0200424 -0.000140663
97 36 0.0192075 -0.000139103
97 37 0.018279 -0.000133049
97 38 0.0172532 -0.000123187
97 39 0.0161267 -0.00011033
97 40 0.0148966 -9.53722e-05
97 41 0.01356 -7.92466e-05
97 42 0.0121148 -6.28829e-05
97 43 0.0105589 -4.71608e-05
97 44 0.00889106 -3.2871e-05
97 45 0.00711 -2.06764e-05
97 46 0.00521503 -1.10829e-05
97 47 0.00320579 -4.41419e-06
97 48 0.0010823 -7.99118e-07
97 49 0 0

98 0 0 0
98 1 0.00110348 9.22912e-07
98 2 0.0032683 5.24467e-06
98 3 0.00531712 1.32813e-05
98 4 0.0072494 2.49132e-05
98 5 0.00906505 3.98666e-05
98 6 0.0107645 5.7718e-05
98 7 0.0123484 7.79034e-05
98 8 0.0138181 9.97384e-05
98 9 0.0151751 0.000122442
98 10 0.0164216 0.000145168
98 11 0.0175601 0.000167037
98 12 0.0185934 0.000187175
98 13 0.0195247 0.000204746
98 14 0.0203575 0.000218992
98 15 0.0210955 0.00022926
98 16 0.0217427 0.000235037
98 17 0.0223029 0.000235971
98 18 0.0227799 0.000231889
98 19 0.0231776 0.000222803
98 20 0.0234993 0.00020892
98 21 0.0237481 0.000190629
98 22 0.0239268 0.000168486
98 23 0.0240376 0.000143195
98 24 0.0240819 0.000115576
98 25 0.024061 8.65285e-05
98 26 0.023975 5.69964e-05
98 27 0.0238238 2.79241e-05
98 28 0.0236063 2.171e-07
98 29 0.0233211 -2.52958e-05
98 30 0.0229661 -4.78972e-05
98 31 0.0225388 -6.70092e-05
98 32 0.022036 -8.2215e-05
98 33 0.0214546 -9.32717e-05
98 34 0.0207911 -0.000100116
98 35 0.0200417 -0.000102861
98 36 0.0192028 -0.000101782
98 37 0.0182707 -9.73041e-05
98 38 0.017242 -8.99699e-05
98 39 0.0161134 -8.04143e-05
98 40 0.014882 -6.93308e-05
98 41 0.0135449 -5.7434e-05
98 42 0.0121001 -4.5426e-05
98 43 0.0105454 -3.39598e-05
98 44 0.00887923 -2.36086e-05
98 45 0.00710042 -1.48367e-05
98 46 0.00520806 -7.979e-06
98 47 0.00320161 -3.2249e-06
98 48 0.00108092 -6.1329e-07
98 49 0 0

99 0 0 0
99 1 0.00110189 6.69672e-07
99 2 0.00326342 3.61363e-06
99 3 0.00530894 9.02718e-06
99 4 0.00723806 1.6913e-05
99 5 0.00905083 2.71602e-05
99 6 0.0107478 3.95412e-05
99 7 0.0123297 5.3713e-05
99 8 0.0137981 6.92298e-05
99 9 0.0151545 8.55576e-05
99 10 0.0164012 0.000102098
99 11 0.0175405 0.000118213
99 12 0.0185755 0.000133253
99 13 0.0195091 0.000146586
99 14 0.020345 0.000157628
99 15 0.0210866 0.000165865
99 16 0.0217377 0.000170886
99 17 0.0223021 0.000172395
99 18 0.0227835 0.000170231
99 19 0.0231854 0.000164376
99 20 0.0235111 0.000154956
99 21 0.0237635 0.00014224
99 22 0.0239453 0.000126627
99 23 0.0240584 0.000108631
99 24 0.0241045 8.88537e-05
99 25 0.0240844 6.79637e-05
99 26 0.0239984 4.6662e-05
99 27 0.0238464 2.56521e-05
99 28 0.0236275 5.60805e-06
99 29 0.0233401 -1.28545e-05
99 30 0.0229824 -2.92054e-05
99 31 0.0225518 -4.3021e-05
99 32 0.0220456 -5.40006e-05
99 33 0.0214607 -6.19758e-05
99 34 0.0207936 -6.69142e-05
99 35 0.0200409 -6.89144e-05
99 36 0.0191989 -6.81973e-05
99 37 0.0182643 -6.50893e-05
99 38 0.0172336 -6.00025e-05
99 39 0.0161035 -5.34098e-05
99 40 0.0148712 -4.58188e-05
99 41 0.013534 -3.77429e-05
99 42 0.0120895 -2.96746e-05
99 43 0.0105357 -2.2058e-05
99 44 0.00887094 -1.52668e-05
99 45 0.00709381 -9.5839e-06
99 46 0.00520333 -5.19009e-06
99 47 0.00319884 -2.15604e-06
99 48 0.00108006 -4.44701e-07
99 49 0 0

